"","GLOBAL.UNIQUE.IDENTIFIER","LAST.EDITED.DATE","TAXONOMIC.ORDER","CATEGORY","TAXON.CONCEPT.ID","COMMON.NAME","scientificname","SUBSPECIES.COMMON.NAME","SUBSPECIES.SCIENTIFIC.NAME","EXOTIC.CODE","OBSERVATION.COUNT","BREEDING.CODE","BREEDING.CATEGORY","BEHAVIOR.CODE","AGE.SEX","COUNTRY","COUNTRY.CODE","STATE","STATE.CODE","COUNTY","COUNTY.CODE","IBA.CODE","BCR.CODE","USFWS.CODE","ATLAS.BLOCK","LOCALITY","LOCALITY.ID","LOCALITY.TYPE","decimallatitude","decimallongitude","OBSERVATION.DATE","TIME.OBSERVATIONS.STARTED","OBSERVER.ID","SAMPLING.EVENT.IDENTIFIER","PROTOCOL.TYPE","PROTOCOL.CODE","PROJECT.CODE","DURATION.MINUTES","EFFORT.DISTANCE.KM","EFFORT.AREA.HA","NUMBER.OBSERVERS","ALL.SPECIES.REPORTED","GROUP.IDENTIFIER","HAS.MEDIA","APPROVED","REVIEWED","REASON","TRIP.COMMENTS","SPECIES.COMMENTS","ID","NSPECIES","Vireo_gracilirostris","base"
"1","URN:CornellLabOfOrnithology:EBIRD:OBS710784503","2019-02-15 14:34:03",18550,"species","avibase-63999CD3","Noronha Vireo","Vireo gracilirostris","","","","X","","","","","Brazil","BR","Pernambuco","BR-PE",NA,NA,NA,NA,NA,NA,"Fernando de Noronha--Mirante dos Golfinhos","L8017350","H",-3.8584299,-32.4466972,"2003-09-10","09:00:00","obsr601274","S52729375","Historical","P62","EBIRD",NA,NA,NA,3,1,"",0,1,0,"","Mirante dos Golfinhos e trilha atÃ© o Sancho","",134,10,1,"eBird"
"2","URN:CornellLabOfOrnithology:EBIRD:OBS858828212","2020-02-01 15:44:38",18550,"species","avibase-63999CD3","Noronha Vireo","Vireo gracilirostris","","","","1","","","","","Brazil","BR","Pernambuco","BR-PE",NA,NA,NA,NA,NA,NA,"Fernando de Noronha--Trilha para o Mirante dos Golfinhos, Praia do Sancho e Mirante Dois IrmÃ£os","L8017336","H",-3.8541464,-32.4423055,"2011-02-15","06:45:00","obsr511116","S64015289","Stationary","P21","EBIRD",120,NA,NA,1,1,"",0,1,0,"","","",762,3,1,"eBird"
"3","URN:CornellLabOfOrnithology:EBIRD:OBS858832110","2020-02-01 15:51:42",18550,"species","avibase-63999CD3","Noronha Vireo","Vireo gracilirostris","","","","1","","","","","Brazil","BR","Pernambuco","BR-PE",NA,NA,NA,NA,NA,NA,"Fernando de Noronha--Trilha para o Mirante dos Golfinhos, Praia do Sancho e Mirante Dois IrmÃ£os","L8017336","H",-3.8541464,-32.4423055,"2011-02-16","08:29:00","obsr511116","S64015628","Stationary","P21","EBIRD",180,NA,NA,1,1,"",0,1,0,"","","",760,8,1,"eBird"
"4","URN:CornellLabOfOrnithology:EBIRD:OBS858807042","2020-02-01 15:04:31",18550,"species","avibase-63999CD3","Noronha Vireo","Vireo gracilirostris","","","","1","","","","","Brazil","BR","Pernambuco","BR-PE",NA,NA,NA,NA,NA,NA,"Fernando de Noronha--Trilha para o Mirante dos Golfinhos, Praia do Sancho e Mirante Dois IrmÃ£os","L8017336","H",-3.8541464,-32.4423055,"2011-03-14","07:50:00","obsr511116","S64013194","Stationary","P21","EBIRD",45,NA,NA,1,1,"",0,1,0,"","","",779,6,1,"eBird"
"5","URN:CornellLabOfOrnithology:EBIRD:OBS519839063","2020-05-21 12:14:45",18550,"species","avibase-63999CD3","Noronha Vireo","Vireo gracilirostris","","","","3","","","","","Brazil","BR","Pernambuco","BR-PE",NA,NA,NA,NA,NA,NA,"BR-RN-Fernando de Noronha (-3.8517,-32.4399)","L6104104","P",-3.851706,-32.439886,"2017-07-19","14:00:00","obsr848039","S38224042","Traveling","P22","EBIRD",120,1.931,NA,1,1,"",0,1,1,"","","",1742,9,1,"eBird"
"6","URN:CornellLabOfOrnithology:EBIRD:OBS1049525734","2021-03-25 04:52:06.254761",18550,"species","avibase-63999CD3","Noronha Vireo","Vireo gracilirostris","","","","2","","","","","Brazil","BR","Pernambuco","BR-PE",NA,NA,NA,NA,NA,NA,"Fernando de Noronha--Praia da Atalaia","L8061900","H",-3.8558812,-32.4070483,"2017-09-30","08:15:00","obsr628528","S79084547","Traveling","P22","EBIRD_BRA",120,1.5,NA,2,1,"",1,1,0,"","","",1792,13,1,"eBird"
"7","URN:CornellLabOfOrnithology:EBIRD:OBS540218054","2018-07-05 16:13:19",18550,"species","avibase-63999CD3","Noronha Vireo","Vireo gracilirostris","","","","11","P ","C3","P ","","Brazil","BR","Pernambuco","BR-PE",NA,NA,NA,NA,NA,NA,"Mirante do Sancho- (-3.854, -32.442)","L6340132","P",-3.8543525,-32.4422993,"2017-10-09","08:32:00","obsr537362","S39825860","Traveling","P22","EBIRD_BRA",147,6.41,NA,3,1,"",0,1,0,"","Com meu pai Ã© o guia JoÃ£o Paulo","",1810,5,1,"eBird"
"8","URN:CornellLabOfOrnithology:EBIRD:OBS871171522","2020-02-27 14:07:58",18550,"species","avibase-63999CD3","Noronha Vireo","Vireo gracilirostris","","","","X","","","","","Brazil","BR","Pernambuco","BR-PE",NA,NA,NA,NA,NA,NA,"Mirante","L10605804","P",-3.8521,-32.4421,"2018-03-24","","obsr674492","S65183114","Historical","P62","EBIRD",NA,NA,NA,NA,0,"",1,1,0,"","","",1993,2,1,"eBird"
"9","URN:CornellLabOfOrnithology:EBIRD:OBS616366332","2018-07-05 16:13:23",18550,"species","avibase-63999CD3","Noronha Vireo","Vireo gracilirostris","","","","11","H ","C2","H ","","Brazil","BR","Pernambuco","BR-PE",NA,NA,NA,NA,NA,NA,"Trilha Capim-AÃ§u, Pernambuco, BR (-3,879, -32,459)","L7394827","P",-3.8787269,-32.459239,"2018-05-12","15:07:00","obsr945091","S45592829","Traveling","P22","EBIRD",70,8.884,NA,4,1,"",0,1,0,"","","11",2015,7,1,"eBird"
"10","URN:CornellLabOfOrnithology:EBIRD:OBS622648361","2018-07-05 16:13:23",18550,"species","avibase-63999CD3","Noronha Vireo","Vireo gracilirostris","","","","33","","","","","Brazil","BR","Pernambuco","BR-PE",NA,NA,NA,NA,NA,NA,"BR-RN-Fernando de Noronha (-3,8797,-32,4581)","L7455340","P",-3.879655,-32.458073,"2018-05-12","14:54:00","obsr640234","S45959269","Traveling","P22","EBIRD",60,2,NA,1,1,"",0,1,0,"","","",2016,12,1,"eBird"
"11","URN:CornellLabOfOrnithology:EBIRD:OBS653116444","2018-09-06 22:39:08",18550,"species","avibase-63999CD3","Noronha Vireo","Vireo gracilirostris","","","","6","","","","","Brazil","BR","Pernambuco","BR-PE",NA,NA,NA,NA,NA,NA,"PN Fernando de Noronha--Trilha do Farol","L7881192","H",-3.8744716,-32.4617604,"2018-09-01","08:22:00","obsr438109","S48210943","Traveling","P22","EBIRD",130,1,NA,4,1,"",0,1,0,"","","",2222,8,1,"eBird"
"12","URN:CornellLabOfOrnithology:EBIRD:OBS666196995","2018-10-23 23:14:30",18550,"species","avibase-63999CD3","Noronha Vireo","Vireo gracilirostris","","","","8","","","","","Brazil","BR","Pernambuco","BR-PE",NA,NA,NA,NA,NA,NA,"Fernando de Noronha--Trilha Costa Esmeralda","L8026406","H",-3.8476728,-32.433041,"2018-10-13","09:34:00","obsr501068","S49156913","Traveling","P22","EBIRD_BRA",9,0.52,NA,1,1,"",0,1,0,"","1 Salvator merianae","",2472,3,1,"eBird"
"13","URN:CornellLabOfOrnithology:EBIRD:OBS665999108","2018-10-28 18:25:30",18550,"species","avibase-63999CD3","Noronha Vireo","Vireo gracilirostris","","","","27","","","","","Brazil","BR","Pernambuco","BR-PE",NA,NA,NA,NA,NA,NA,"Fernando de Noronha--Trilha para o Mirante dos Golfinhos, Praia do Sancho e Mirante Dois IrmÃ£os","L8017336","H",-3.8541464,-32.4423055,"2018-10-12","07:21:00","obsr501068","S49142445","Traveling","P22","EBIRD_BRA",15,1.02,NA,1,1,"",1,1,0,"","","",2369,7,1,"eBird"
"14","URN:CornellLabOfOrnithology:EBIRD:OBS664881927","2018-10-23 23:15:32",18550,"species","avibase-63999CD3","Noronha Vireo","Vireo gracilirostris","","","","1","","","","","Brazil","BR","Pernambuco","BR-PE",NA,NA,NA,NA,NA,NA,"Fernando de Noronha--Praia do Sueste","L7998967","H",-3.8664129,-32.4262625,"2018-10-08","14:00:00","obsr501068","S49056842","Incidental","P20","EBIRD_BRA",NA,NA,NA,1,0,"",0,1,0,"","","",2407,7,1,"eBird"
"15","URN:CornellLabOfOrnithology:EBIRD:OBS665749318","2018-10-28 18:23:12",18550,"species","avibase-63999CD3","Noronha Vireo","Vireo gracilirostris","","","","25","","","","","Brazil","BR","Pernambuco","BR-PE",NA,NA,NA,NA,NA,NA,"Fernando de Noronha--Estrada para a Ponta das Caracas","L7998843","H",-3.8660665,-32.4269471,"2018-10-11","06:45:00","obsr501068","S49123723","Traveling","P22","EBIRD_BRA",19,1.09,NA,1,1,"",1,1,0,"","","",2437,7,1,"eBird"
"16","URN:CornellLabOfOrnithology:EBIRD:OBS665749611","2018-10-28 18:23:48",18550,"species","avibase-63999CD3","Noronha Vireo","Vireo gracilirostris","","","","7","","","","","Brazil","BR","Pernambuco","BR-PE",NA,NA,NA,NA,NA,NA,"Fernando de Noronha--Estrada para a Ponta das Caracas","L7998843","H",-3.8660665,-32.4269471,"2018-10-11","08:10:00","obsr501068","S49123768","Traveling","P22","EBIRD_BRA",9,0.08,NA,1,1,"",1,1,0,"","","",2544,2,1,"eBird"
"17","URN:CornellLabOfOrnithology:EBIRD:OBS665712669","2018-10-23 23:16:21",18550,"species","avibase-63999CD3","Noronha Vireo","Vireo gracilirostris","","","","3","","","","","Brazil","BR","Pernambuco","BR-PE",NA,NA,NA,NA,NA,NA,"Fernando de Noronha--Estrada para a Ponta das Caracas","L7998843","H",-3.8660665,-32.4269471,"2018-10-11","06:25:00","obsr501068","S49120760","Traveling","P22","EBIRD_BRA",2,0.24,NA,1,1,"",0,1,0,"","","",2490,3,1,"eBird"
"18","URN:CornellLabOfOrnithology:EBIRD:OBS671429904","2018-10-29 11:20:04",18550,"species","avibase-63999CD3","Noronha Vireo","Vireo gracilirostris","","","","2","","","","","Brazil","BR","Pernambuco","BR-PE",NA,NA,NA,NA,NA,NA,"Fernando de Noronha--Mirante dos Golfinhos","L8017350","H",-3.8584299,-32.4466972,"2018-10-19","14:32:00","obsr757924","S49538971","Stationary","P21","EBIRD_BRA",42,NA,NA,14,1,"G3549634",0,1,0,"","","",2354,8,1,"eBird"
"19","URN:CornellLabOfOrnithology:EBIRD:OBS668539351","2018-10-29 11:20:00",18550,"species","avibase-63999CD3","Noronha Vireo","Vireo gracilirostris","","","","3","","","","","Brazil","BR","Pernambuco","BR-PE",NA,NA,NA,NA,NA,NA,"Fernando de Noronha--Mirante dos Golfinhos","L8017350","H",-3.8584299,-32.4466972,"2018-10-20","14:37:00","obsr501068","S49320996","Stationary","P21","EBIRD_BRA",43,NA,NA,15,1,"G3549631",0,1,0,"","","",2359,6,1,"eBird"
"20","URN:CornellLabOfOrnithology:EBIRD:OBS665104311","2018-10-24 00:04:50",18550,"species","avibase-63999CD3","Noronha Vireo","Vireo gracilirostris","","","","19","","","","","Brazil","BR","Pernambuco","BR-PE",NA,NA,NA,NA,NA,NA,"Fernando de Noronha--Estrada para a Ponta das Caracas","L7998843","H",-3.8660665,-32.4269471,"2018-10-09","06:49:00","obsr501068","S49072936","Traveling","P22","EBIRD_BRA",13,1.05,NA,1,1,"",1,1,0,"","","",2465,7,1,"eBird"
"21","URN:CornellLabOfOrnithology:EBIRD:OBS668237656","2018-10-23 23:14:09",18550,"species","avibase-63999CD3","Noronha Vireo","Vireo gracilirostris","","","","18","","","","","Brazil","BR","Pernambuco","BR-PE",NA,NA,NA,NA,NA,NA,"Fernando de Noronha--Trilha do Capim-AÃ§u","L8046672","H",-3.8560535,-32.4395196,"2018-10-19","12:43:00","obsr501068","S49300019","Traveling","P22","EBIRD_BRA",38,1.51,NA,2,1,"",0,1,0,"","Com o guia Paulo","",2498,6,1,"eBird"
"22","URN:CornellLabOfOrnithology:EBIRD:OBS665438116","2018-10-29 11:20:58",18550,"species","avibase-63999CD3","Noronha Vireo","Vireo gracilirostris","","","","13","","","","","Brazil","BR","Pernambuco","BR-PE",NA,NA,NA,NA,NA,NA,"Fernando de Noronha--Trilha para o Mirante dos Golfinhos, Praia do Sancho e Mirante Dois IrmÃ£os","L8017336","H",-3.8541464,-32.4423055,"2018-10-10","09:47:00","obsr501068","S49098544","Traveling","P22","EBIRD_BRA",33,1.34,NA,2,1,"G3549641",0,1,0,"","","",2350,9,1,"eBird"
"23","URN:CornellLabOfOrnithology:EBIRD:OBS665999246","2018-10-24 00:23:12",18550,"species","avibase-63999CD3","Noronha Vireo","Vireo gracilirostris","","","","3","","","","","Brazil","BR","Pernambuco","BR-PE",NA,NA,NA,NA,NA,NA,"Fernando de Noronha--Mirante dos Golfinhos","L8017350","H",-3.8584299,-32.4466972,"2018-10-12","07:37:00","obsr501068","S49142456","Stationary","P21","EBIRD_BRA",25,NA,NA,1,1,"",0,1,0,"","Tartaruga-de-pente","",2351,9,1,"eBird"
"24","URN:CornellLabOfOrnithology:EBIRD:OBS671429882","2018-10-29 11:20:00",18550,"species","avibase-63999CD3","Noronha Vireo","Vireo gracilirostris","","","","3","","","","","Brazil","BR","Pernambuco","BR-PE",NA,NA,NA,NA,NA,NA,"Fernando de Noronha--Mirante dos Golfinhos","L8017350","H",-3.8584299,-32.4466972,"2018-10-20","14:37:00","obsr757924","S49538966","Stationary","P21","EBIRD_BRA",43,NA,NA,15,1,"G3549631",0,1,0,"","","",2358,6,1,"eBird"
"25","URN:CornellLabOfOrnithology:EBIRD:OBS663997547","2018-10-28 18:03:44",18550,"species","avibase-63999CD3","Noronha Vireo","Vireo gracilirostris","","","","10","","","","","Brazil","BR","Pernambuco","BR-PE",NA,NA,NA,NA,NA,NA,"Fernando de Noronha--Estrada para a Ponta das Caracas","L7998843","H",-3.8660665,-32.4269471,"2018-10-06","14:00:00","obsr501068","S48997394","Traveling","P22","EBIRD_BRA",18,1.33,NA,1,1,"",0,1,0,"","","",2458,5,1,"eBird"
"26","URN:CornellLabOfOrnithology:EBIRD:OBS668237879","2018-10-29 11:20:03",18550,"species","avibase-63999CD3","Noronha Vireo","Vireo gracilirostris","","","","2","","","","","Brazil","BR","Pernambuco","BR-PE",NA,NA,NA,NA,NA,NA,"Fernando de Noronha--Mirante dos Golfinhos","L8017350","H",-3.8584299,-32.4466972,"2018-10-19","14:32:00","obsr501068","S49300044","Stationary","P21","EBIRD_BRA",42,NA,NA,14,1,"G3549634",0,1,0,"","","",2361,8,1,"eBird"
"27","URN:CornellLabOfOrnithology:EBIRD:OBS664657327","2018-10-23 23:16:21",18550,"species","avibase-63999CD3","Noronha Vireo","Vireo gracilirostris","","","","4","","","","","Brazil","BR","Pernambuco","BR-PE",NA,NA,NA,NA,NA,NA,"Fernando de Noronha--Estrada para a Ponta das Caracas","L7998843","H",-3.8660665,-32.4269471,"2018-10-08","06:31:00","obsr501068","S49039263","Traveling","P22","EBIRD_BRA",2,0.26,NA,1,1,"",0,1,0,"","","",2460,4,1,"eBird"
"28","URN:CornellLabOfOrnithology:EBIRD:OBS669537631","2018-10-23 23:16:21",18550,"species","avibase-63999CD3","Noronha Vireo","Vireo gracilirostris","","","","3","","","","","Brazil","BR","Pernambuco","BR-PE",NA,NA,NA,NA,NA,NA,"Fernando de Noronha--Estrada para a Ponta das Caracas","L7998843","H",-3.8660665,-32.4269471,"2018-10-23","07:04:00","obsr501068","S49392477","Traveling","P22","EBIRD_BRA",2,0.22,NA,1,1,"",0,1,0,"","","",2500,3,1,"eBird"
"29","URN:CornellLabOfOrnithology:EBIRD:OBS669538040","2021-03-25 04:52:06.254761",18550,"species","avibase-63999CD3","Noronha Vireo","Vireo gracilirostris","","","","1","","","","","Brazil","BR","Pernambuco","BR-PE",NA,NA,NA,NA,NA,NA,"Fernando de Noronha--Mirante do BoldrÃ³","L7993258","H",-3.8461678,-32.4290434,"2018-10-23","07:46:00","obsr501068","S49392510","Stationary","P21","EBIRD_BRA",3,NA,NA,1,1,"",0,1,0,"","","",2357,7,1,"eBird"
"30","URN:CornellLabOfOrnithology:EBIRD:OBS666000920","2018-10-24 20:48:22",18550,"species","avibase-63999CD3","Noronha Vireo","Vireo gracilirostris","","","","13","","","","","Brazil","BR","Pernambuco","BR-PE",NA,NA,NA,NA,NA,NA,"Fernando de Noronha--Trilha para o Mirante dos Golfinhos, Praia do Sancho e Mirante Dois IrmÃ£os","L8017336","H",-3.8541464,-32.4423055,"2018-10-12","10:12:00","obsr501068","S49142576","Incidental","P20","EBIRD_BRA",NA,NA,NA,1,0,"",0,1,0,"","","",2516,3,1,"eBird"
"31","URN:CornellLabOfOrnithology:EBIRD:OBS665945889","2021-03-25 04:52:06.254761",18550,"species","avibase-63999CD3","Noronha Vireo","Vireo gracilirostris","","","","1","","","","","Brazil","BR","Pernambuco","BR-PE",NA,NA,NA,NA,NA,NA,"Fernando de Noronha--PIC Golfinho-Sancho","L8023695","H",-3.8556479,-32.4395069,"2018-10-12","06:28:00","obsr501068","S49138743","Stationary","P21","EBIRD_BRA",11,NA,NA,1,1,"",0,1,0,"","","",2511,5,1,"eBird"
"32","URN:CornellLabOfOrnithology:EBIRD:OBS666362711","2018-10-23 23:14:57",18550,"species","avibase-63999CD3","Noronha Vireo","Vireo gracilirostris","","","","1","","","","","Brazil","BR","Pernambuco","BR-PE",NA,NA,NA,NA,NA,NA,"Fernando de Noronha--Praia do LeÃ£o","L7997367","H",-3.8699019,-32.4336885,"2018-10-13","16:44:00","obsr501068","S49168286","Incidental","P20","EBIRD_BRA",NA,NA,NA,1,0,"",0,1,0,"","","",2335,5,1,"eBird"
"33","URN:CornellLabOfOrnithology:EBIRD:OBS671048321","2018-11-08 15:41:47",18550,"species","avibase-63999CD3","Noronha Vireo","Vireo gracilirostris","","","","1","","","","","Brazil","BR","Pernambuco","BR-PE",NA,NA,NA,NA,NA,NA,"Fernando de Noronha--Praia do Sueste","L7998967","H",-3.8664129,-32.4262625,"2018-10-24","09:15:00","obsr241514","S49513002","Stationary","P21","EBIRD",165,NA,NA,1,1,"",0,1,0,"","","",2386,12,1,"eBird"
"34","URN:CornellLabOfOrnithology:EBIRD:OBS665998571","2018-10-24 20:48:22",18550,"species","avibase-63999CD3","Noronha Vireo","Vireo gracilirostris","","","","13","","","","","Brazil","BR","Pernambuco","BR-PE",NA,NA,NA,NA,NA,NA,"Fernando de Noronha--Trilha para o Mirante dos Golfinhos, Praia do Sancho e Mirante Dois IrmÃ£os","L8017336","H",-3.8541464,-32.4423055,"2018-10-12","06:51:00","obsr501068","S49142405","Traveling","P22","EBIRD_BRA",14,0.57,NA,1,1,"",0,1,0,"","","",2371,7,1,"eBird"
"35","URN:CornellLabOfOrnithology:EBIRD:OBS671233262","2018-10-28 18:20:39",18550,"species","avibase-63999CD3","Noronha Vireo","Vireo gracilirostris","","","","X","","","","","Brazil","BR","Pernambuco","BR-PE",NA,NA,NA,NA,NA,NA,"Fernando de Noronha--Ponta das Caracas","L7998807","H",-3.8751042,-32.4252767,"2018-10-09","07:52:00","obsr501068","S49525669","Incidental","P20","EBIRD_BRA",NA,NA,NA,1,0,"",1,1,0,"","","",2552,1,1,"eBird"
"36","URN:CornellLabOfOrnithology:EBIRD:OBS666195921","2019-01-11 07:20:37",18550,"species","avibase-63999CD3","Noronha Vireo","Vireo gracilirostris","","","","2","","","","","Brazil","BR","Pernambuco","BR-PE",NA,NA,NA,NA,NA,NA,"Fernando de Noronha--Trilha Costa Esmeralda","L8026406","H",-3.8476728,-32.433041,"2018-10-13","09:17:00","obsr501068","S49156822","Traveling","P22","EBIRD_BRA",7,0.12,NA,1,1,"",0,1,0,"","","",2388,4,1,"eBird"
"37","URN:CornellLabOfOrnithology:EBIRD:OBS671053731","2019-12-26 20:12:05",18550,"species","avibase-63999CD3","Noronha Vireo","Vireo gracilirostris","","","","1","","","","","Brazil","BR","Pernambuco","BR-PE",NA,NA,NA,NA,NA,NA,"Fernando de Noronha--Praia do LeÃ£o","L7997367","H",-3.8699019,-32.4336885,"2018-10-22","17:00:00","obsr241514","S49513345","Traveling","P22","EBIRD",70,2,NA,1,1,"",0,1,0,"","","",2345,12,1,"eBird"
"38","URN:CornellLabOfOrnithology:EBIRD:OBS666197289","2018-10-23 23:15:53",18550,"species","avibase-63999CD3","Noronha Vireo","Vireo gracilirostris","","","","1","","","","","Brazil","BR","Pernambuco","BR-PE",NA,NA,NA,NA,NA,NA,"Fernando de Noronha--Mirante do BoldrÃ³","L7993258","H",-3.8461678,-32.4290434,"2018-10-13","10:13:00","obsr501068","S49156932","Stationary","P21","EBIRD_BRA",5,NA,NA,1,1,"",0,1,0,"","","",2370,5,1,"eBird"
"39","URN:CornellLabOfOrnithology:EBIRD:OBS665652750","2018-10-23 23:16:21",18550,"species","avibase-63999CD3","Noronha Vireo","Vireo gracilirostris","","","","5","","","","","Brazil","BR","Pernambuco","BR-PE",NA,NA,NA,NA,NA,NA,"Fernando de Noronha--Estrada para a Ponta das Caracas","L7998843","H",-3.8660665,-32.4269471,"2018-10-11","08:49:00","obsr501068","S49115567","Traveling","P22","EBIRD_BRA",2,0.19,NA,1,1,"",0,1,0,"","","",2525,4,1,"eBird"
"40","URN:CornellLabOfOrnithology:EBIRD:OBS664657553","2018-10-28 18:16:43",18550,"species","avibase-63999CD3","Noronha Vireo","Vireo gracilirostris","","","","11","","","","","Brazil","BR","Pernambuco","BR-PE",NA,NA,NA,NA,NA,NA,"Fernando de Noronha--Estrada para a Ponta das Caracas","L7998843","H",-3.8660665,-32.4269471,"2018-10-08","06:52:00","obsr501068","S49039280","Traveling","P22","EBIRD_BRA",13,1.08,NA,1,1,"",1,1,0,"","","",2398,6,1,"eBird"
"41","URN:CornellLabOfOrnithology:EBIRD:OBS666015490","2018-10-23 23:15:20",18550,"species","avibase-63999CD3","Noronha Vireo","Vireo gracilirostris","","","","1","","","","","Brazil","BR","Pernambuco","BR-PE",NA,NA,NA,NA,NA,NA,"Fernando de Noronha--Praia da Cacimba do Padre","L8024407","H",-3.8506873,-32.4387929,"2018-10-12","12:48:00","obsr501068","S49143582","Traveling","P22","EBIRD_BRA",7,0.25,NA,1,1,"",0,1,0,"","","",2374,7,1,"eBird"
"42","URN:CornellLabOfOrnithology:EBIRD:OBS668237703","2018-10-29 11:20:05",18550,"species","avibase-63999CD3","Noronha Vireo","Vireo gracilirostris","","","","9","","","","","Brazil","BR","Pernambuco","BR-PE",NA,NA,NA,NA,NA,NA,"Fernando de Noronha--Trilha para o Mirante dos Golfinhos, Praia do Sancho e Mirante Dois IrmÃ£os","L8017336","H",-3.8541464,-32.4423055,"2018-10-19","14:05:00","obsr501068","S49300029","Traveling","P22","EBIRD_BRA",26,0.92,NA,14,1,"G3549635",0,1,0,"","","",2486,3,1,"eBird"
"43","URN:CornellLabOfOrnithology:EBIRD:OBS665105320","2018-10-09 09:35:14",18550,"species","avibase-63999CD3","Noronha Vireo","Vireo gracilirostris","","","","1","","","","","Brazil","BR","Pernambuco","BR-PE",NA,NA,NA,NA,NA,NA,"Trilha para o SantuÃ¡rio dos rabos-de-junco","L8013524","P",-3.8739815,-32.4234442,"2018-10-09","10:02:00","obsr501068","S49073019","Traveling","P22","EBIRD_BRA",6,0.55,NA,2,1,"",0,1,0,"","","",2546,2,1,"eBird"
"44","URN:CornellLabOfOrnithology:EBIRD:OBS665999030","2018-10-24 08:01:13",18550,"species","avibase-63999CD3","Noronha Vireo","Vireo gracilirostris","","","","2","","","","","Brazil","BR","Pernambuco","BR-PE",NA,NA,NA,NA,NA,NA,"Mirante dos Dois IrmÃ£os","L8024238","H",-3.8521372,-32.4420884,"2018-10-12","07:06:00","obsr501068","S49142438","Stationary","P21","EBIRD_BRA",10,NA,NA,1,1,"",0,1,0,"","","",2376,6,1,"eBird"
"45","URN:CornellLabOfOrnithology:EBIRD:OBS665749500","2018-10-23 23:16:21",18550,"species","avibase-63999CD3","Noronha Vireo","Vireo gracilirostris","","","","14","","","","","Brazil","BR","Pernambuco","BR-PE",NA,NA,NA,NA,NA,NA,"Fernando de Noronha--Estrada para a Ponta das Caracas","L7998843","H",-3.8660665,-32.4269471,"2018-10-11","08:25:00","obsr501068","S49123741","Traveling","P22","EBIRD_BRA",13,0.97,NA,1,1,"",0,1,0,"","1 Tupinambis merianae","",2403,7,1,"eBird"
"46","URN:CornellLabOfOrnithology:EBIRD:OBS663873708","2018-10-23 23:13:17",18550,"species","avibase-63999CD3","Noronha Vireo","Vireo gracilirostris","","","","3","","","","","Brazil","BR","Pernambuco","BR-PE",NA,NA,NA,NA,NA,NA,"Fernando de Noronha--Trilha para o SÃ­tio do LeÃ£o","L7997349","H",-3.8676577,-32.4288232,"2018-10-06","15:29:00","obsr501068","S48989129","Traveling","P22","EBIRD_BRA",9,0.32,NA,1,1,"",0,1,0,"","SÃ­tio do LeÃ£o","",2468,5,1,"eBird"
"47","URN:CornellLabOfOrnithology:EBIRD:OBS669537811","2018-10-23 23:15:32",18550,"species","avibase-63999CD3","Noronha Vireo","Vireo gracilirostris","","","","2","","","","","Brazil","BR","Pernambuco","BR-PE",NA,NA,NA,NA,NA,NA,"Fernando de Noronha--Praia do Sueste","L7998967","H",-3.8664129,-32.4262625,"2018-10-23","07:07:00","obsr501068","S49392488","Stationary","P21","EBIRD_BRA",5,NA,NA,1,1,"",0,1,0,"","","",2484,4,1,"eBird"
"48","URN:CornellLabOfOrnithology:EBIRD:OBS666196858","2018-10-23 23:15:09",18550,"species","avibase-63999CD3","Noronha Vireo","Vireo gracilirostris","","","","2","","","","","Brazil","BR","Pernambuco","BR-PE",NA,NA,NA,NA,NA,NA,"Fernando de Noronha--Praia do Bode","L8026404","H",-3.8478794,-32.4337687,"2018-10-13","09:24:00","obsr501068","S49156898","Traveling","P22","EBIRD_BRA",9,0.17,NA,1,1,"",0,1,0,"","","",2373,6,1,"eBird"
"49","URN:CornellLabOfOrnithology:EBIRD:OBS668796852","2018-10-23 23:15:32",18550,"species","avibase-63999CD3","Noronha Vireo","Vireo gracilirostris","","","","1","","","","","Brazil","BR","Pernambuco","BR-PE",NA,NA,NA,NA,NA,NA,"Fernando de Noronha--Praia do Sueste","L7998967","H",-3.8664129,-32.4262625,"2018-10-21","07:56:00","obsr501068","S49338427","Incidental","P20","EBIRD_BRA",NA,NA,NA,1,0,"",0,1,0,"","","",2447,5,1,"eBird"
"50","URN:CornellLabOfOrnithology:EBIRD:OBS667249998","2018-10-23 23:16:21",18550,"species","avibase-63999CD3","Noronha Vireo","Vireo gracilirostris","","","","11","","","","","Brazil","BR","Pernambuco","BR-PE",NA,NA,NA,NA,NA,NA,"Fernando de Noronha--Estrada para a Ponta das Caracas","L7998843","H",-3.8660665,-32.4269471,"2018-10-16","06:28:00","obsr501068","S49227740","Traveling","P22","EBIRD_BRA",11,1.02,NA,3,1,"",0,1,0,"","","",2456,4,1,"eBird"
"51","URN:CornellLabOfOrnithology:EBIRD:OBS668743464","2021-03-25 04:52:06.254761",18550,"species","avibase-63999CD3","Noronha Vireo","Vireo gracilirostris","","","","2","","","","","Brazil","BR","Pernambuco","BR-PE",NA,NA,NA,NA,NA,NA,"Fernando de Noronha--Mirante do BoldrÃ³","L7993258","H",-3.8461678,-32.4290434,"2018-10-21","05:37:00","obsr501068","S49334081","Stationary","P21","EBIRD_BRA",10,NA,NA,1,1,"",0,1,0,"","","",2344,10,1,"eBird"
"52","URN:CornellLabOfOrnithology:EBIRD:OBS664514235","2018-10-23 23:15:53",18550,"species","avibase-63999CD3","Noronha Vireo","Vireo gracilirostris","","","","4","","","","","Brazil","BR","Pernambuco","BR-PE",NA,NA,NA,NA,NA,NA,"Fernando de Noronha--Mirante do BoldrÃ³","L7993258","H",-3.8461678,-32.4290434,"2018-10-07","16:57:00","obsr501068","S49030063","Stationary","P21","EBIRD_BRA",11,NA,NA,1,1,"",0,1,0,"","","",2397,7,1,"eBird"
"53","URN:CornellLabOfOrnithology:EBIRD:OBS664662134","2018-10-23 23:14:01",18550,"species","avibase-63999CD3","Noronha Vireo","Vireo gracilirostris","","","","8","","","","","Brazil","BR","Pernambuco","BR-PE",NA,NA,NA,NA,NA,NA,"Fernando de Noronha--Trilha Forte SÃ£o Joaquim do Sueste","L8005654","H",-3.8708901,-32.4268731,"2018-10-08","07:52:00","obsr501068","S49039588","Traveling","P22","EBIRD_BRA",20,0.48,NA,1,1,"",0,1,0,"","","",2383,7,1,"eBird"
"54","URN:CornellLabOfOrnithology:EBIRD:OBS665435527","2018-10-24 20:48:22",18550,"species","avibase-63999CD3","Noronha Vireo","Vireo gracilirostris","","","","26","","","","","Brazil","BR","Pernambuco","BR-PE",NA,NA,NA,NA,NA,NA,"Fernando de Noronha--Trilha para o Mirante dos Golfinhos, Praia do Sancho e Mirante Dois IrmÃ£os","L8017336","H",-3.8541464,-32.4423055,"2018-10-10","12:40:00","obsr501068","S49098393","Traveling","P22","EBIRD_BRA",26,1.95,NA,1,1,"",0,1,0,"","","",2372,6,1,"eBird"
"55","URN:CornellLabOfOrnithology:EBIRD:OBS665652504","2018-10-24 19:54:57",18550,"species","avibase-63999CD3","Noronha Vireo","Vireo gracilirostris","","","","2","","","","","Brazil","BR","Pernambuco","BR-PE",NA,NA,NA,NA,NA,NA,"Fernando de Noronha--Praia do Sueste","L7998967","H",-3.8664129,-32.4262625,"2018-10-11","08:53:00","obsr501068","S49115557","Traveling","P22","EBIRD_BRA",28,0.61,NA,1,1,"",0,1,0,"","","",2342,10,1,"eBird"
"56","URN:CornellLabOfOrnithology:EBIRD:OBS666362400","2018-10-23 23:16:21",18550,"species","avibase-63999CD3","Noronha Vireo","Vireo gracilirostris","","","","1","","","","","Brazil","BR","Pernambuco","BR-PE",NA,NA,NA,NA,NA,NA,"Fernando de Noronha--Estrada para a Ponta das Caracas","L7998843","H",-3.8660665,-32.4269471,"2018-10-13","15:22:00","obsr501068","S49168268","Traveling","P22","EBIRD_BRA",8,0.74,NA,1,1,"",0,1,0,"","","",2482,2,1,"eBird"
"57","URN:CornellLabOfOrnithology:EBIRD:OBS668463095","2018-10-23 23:15:32",18550,"species","avibase-63999CD3","Noronha Vireo","Vireo gracilirostris","","","","1","","","","","Brazil","BR","Pernambuco","BR-PE",NA,NA,NA,NA,NA,NA,"Fernando de Noronha--Praia do Sueste","L7998967","H",-3.8664129,-32.4262625,"2018-10-20","08:00:00","obsr501068","S49315922","Incidental","P20","EBIRD_BRA",NA,NA,NA,1,0,"",0,1,0,"","","",2401,6,1,"eBird"
"58","URN:CornellLabOfOrnithology:EBIRD:OBS671429909","2018-10-29 11:20:05",18550,"species","avibase-63999CD3","Noronha Vireo","Vireo gracilirostris","","","","9","","","","","Brazil","BR","Pernambuco","BR-PE",NA,NA,NA,NA,NA,NA,"Fernando de Noronha--Trilha para o Mirante dos Golfinhos, Praia do Sancho e Mirante Dois IrmÃ£os","L8017336","H",-3.8541464,-32.4423055,"2018-10-19","14:05:00","obsr757924","S49538972","Traveling","P22","EBIRD_BRA",26,0.92,NA,14,1,"G3549635",0,1,0,"","","",2522,3,1,"eBird"
"59","URN:CornellLabOfOrnithology:EBIRD:OBS671429876","2018-10-29 11:19:59",18550,"species","avibase-63999CD3","Noronha Vireo","Vireo gracilirostris","","","","6","","","","","Brazil","BR","Pernambuco","BR-PE",NA,NA,NA,NA,NA,NA,"Fernando de Noronha--Trilha para o Mirante dos Golfinhos, Praia do Sancho e Mirante Dois IrmÃ£os","L8017336","H",-3.8541464,-32.4423055,"2018-10-20","14:09:00","obsr757924","S49538965","Traveling","P22","EBIRD_BRA",28,0.92,NA,15,1,"G3549630",0,1,0,"","","",2496,4,1,"eBird"
"60","URN:CornellLabOfOrnithology:EBIRD:OBS671430151","2018-10-29 11:20:59",18550,"species","avibase-63999CD3","Noronha Vireo","Vireo gracilirostris","","","","6","","","","","Brazil","BR","Pernambuco","BR-PE",NA,NA,NA,NA,NA,NA,"Fernando de Noronha--Mirante dos Golfinhos","L8017350","H",-3.8584299,-32.4466972,"2018-10-10","07:23:00","obsr757924","S49538992","Stationary","P21","EBIRD_BRA",144,NA,NA,20,1,"G3549642",1,1,0,"","","",2364,11,1,"eBird"
"61","URN:CornellLabOfOrnithology:EBIRD:OBS668539481","2018-10-29 11:19:59",18550,"species","avibase-63999CD3","Noronha Vireo","Vireo gracilirostris","","","","6","","","","","Brazil","BR","Pernambuco","BR-PE",NA,NA,NA,NA,NA,NA,"Fernando de Noronha--Trilha para o Mirante dos Golfinhos, Praia do Sancho e Mirante Dois IrmÃ£os","L8017336","H",-3.8541464,-32.4423055,"2018-10-20","14:09:00","obsr501068","S49321004","Traveling","P22","EBIRD_BRA",28,0.92,NA,15,1,"G3549630",0,1,0,"","","",2504,4,1,"eBird"
"62","URN:CornellLabOfOrnithology:EBIRD:OBS667260549","2018-10-24 00:31:01",18550,"species","avibase-63999CD3","Noronha Vireo","Vireo gracilirostris","","","","2","","","","","Brazil","BR","Pernambuco","BR-PE",NA,NA,NA,NA,NA,NA,"Fernando de Noronha--Praia do Sueste","L7998967","H",-3.8664129,-32.4262625,"2018-10-16","09:06:00","obsr501068","S49228621","Traveling","P22","EBIRD_BRA",26,0.64,NA,2,1,"",0,1,0,"","","",2400,5,1,"eBird"
"63","URN:CornellLabOfOrnithology:EBIRD:OBS666015092","2018-10-24 20:48:22",18550,"species","avibase-63999CD3","Noronha Vireo","Vireo gracilirostris","","","","7","","","","","Brazil","BR","Pernambuco","BR-PE",NA,NA,NA,NA,NA,NA,"Fernando de Noronha--Trilha para o Mirante dos Golfinhos, Praia do Sancho e Mirante Dois IrmÃ£os","L8017336","H",-3.8541464,-32.4423055,"2018-10-12","12:01:00","obsr501068","S49143555","Traveling","P22","EBIRD_BRA",5,0.23,NA,1,1,"",0,1,0,"","","",2548,2,1,"eBird"
"64","URN:CornellLabOfOrnithology:EBIRD:OBS668237004","2021-03-25 04:52:06.254761",18550,"species","avibase-63999CD3","Noronha Vireo","Vireo gracilirostris","","","","1","","","","","Brazil","BR","Pernambuco","BR-PE",NA,NA,NA,NA,NA,NA,"Fernando de Noronha--PIC Golfinho-Sancho","L8023695","H",-3.8556479,-32.4395069,"2018-10-19","11:28:00","obsr501068","S49299966","Incidental","P20","EBIRD_BRA",NA,NA,NA,1,0,"",0,1,0,"","","",2506,5,1,"eBird"
"65","URN:CornellLabOfOrnithology:EBIRD:OBS671430143","2018-10-29 11:20:58",18550,"species","avibase-63999CD3","Noronha Vireo","Vireo gracilirostris","","","","13","","","","","Brazil","BR","Pernambuco","BR-PE",NA,NA,NA,NA,NA,NA,"Fernando de Noronha--Trilha para o Mirante dos Golfinhos, Praia do Sancho e Mirante Dois IrmÃ£os","L8017336","H",-3.8541464,-32.4423055,"2018-10-10","09:47:00","obsr757924","S49538991","Traveling","P22","EBIRD_BRA",33,1.34,NA,2,1,"G3549641",0,1,0,"","","",2365,9,1,"eBird"
"66","URN:CornellLabOfOrnithology:EBIRD:OBS665439968","2018-10-29 11:20:54",18550,"species","avibase-63999CD3","Noronha Vireo","Vireo gracilirostris","","","","20","","","","","Brazil","BR","Pernambuco","BR-PE",NA,NA,NA,NA,NA,NA,"Fernando de Noronha--Trilha para o Mirante dos Golfinhos, Praia do Sancho e Mirante Dois IrmÃ£os","L8017336","H",-3.8541464,-32.4423055,"2018-10-10","07:03:00","obsr501068","S49098685","Traveling","P22","EBIRD_BRA",21,0.94,NA,15,1,"G3549639",0,1,0,"","","",2355,6,1,"eBird"
"67","URN:CornellLabOfOrnithology:EBIRD:OBS665437677","2018-10-29 11:20:59",18550,"species","avibase-63999CD3","Noronha Vireo","Vireo gracilirostris","","","","6","","","","","Brazil","BR","Pernambuco","BR-PE",NA,NA,NA,NA,NA,NA,"Fernando de Noronha--Mirante dos Golfinhos","L8017350","H",-3.8584299,-32.4466972,"2018-10-10","07:23:00","obsr501068","S49098519","Stationary","P21","EBIRD_BRA",144,NA,NA,20,1,"G3549642",1,1,0,"","Stenella longirostris, Kerodon rupestris, Trachylepis atlantica","",2360,11,1,"eBird"
"68","URN:CornellLabOfOrnithology:EBIRD:OBS668059030","2018-10-19 06:09:10",18550,"species","avibase-63999CD3","Noronha Vireo","Vireo gracilirostris","","","","1","","","","","Brazil","BR","Pernambuco","BR-PE",NA,NA,NA,NA,NA,NA,"Trilha Capim AÃ§u","L8044895","P",-3.8566233,-32.439754,"2018-10-19","07:28:00","obsr1101213","S49286451","Traveling","P22","EBIRD",37,1.08,NA,1,1,"",0,1,0,"","","",2550,3,1,"eBird"
"69","URN:CornellLabOfOrnithology:EBIRD:OBS665436508","2019-01-15 15:34:19",18550,"species","avibase-63999CD3","Noronha Vireo","Vireo gracilirostris","","","","X","","","","","Brazil","BR","Pernambuco","BR-PE",NA,NA,NA,NA,NA,NA,"Fernando de Noronha--Praia do Sancho","L8017347","H",-3.8550319,-32.443397,"2018-10-10","10:54:00","obsr501068","S49098454","Incidental","P20","EBIRD_BRA",NA,NA,NA,1,0,"",0,1,0,"","","",2367,6,1,"eBird"
"70","URN:CornellLabOfOrnithology:EBIRD:OBS665104243","2018-10-23 23:16:21",18550,"species","avibase-63999CD3","Noronha Vireo","Vireo gracilirostris","","","","4","","","","","Brazil","BR","Pernambuco","BR-PE",NA,NA,NA,NA,NA,NA,"Fernando de Noronha--Estrada para a Ponta das Caracas","L7998843","H",-3.8660665,-32.4269471,"2018-10-09","06:27:00","obsr501068","S49072931","Traveling","P22","EBIRD_BRA",3,0.2,NA,1,1,"",0,1,0,"","","",2527,3,1,"eBird"
"71","URN:CornellLabOfOrnithology:EBIRD:OBS663574592","2021-03-25 04:52:06.254761",18550,"species","avibase-63999CD3","Noronha Vireo","Vireo gracilirostris","","","","2","","","","","Brazil","BR","Pernambuco","BR-PE",NA,NA,NA,NA,NA,NA,"Fernando de Noronha--Mirante do BoldrÃ³","L7993258","H",-3.8461678,-32.4290434,"2018-10-06","04:41:00","obsr501068","S48968974","Stationary","P21","EBIRD_BRA",11,NA,NA,1,1,"",0,1,0,"","","",2336,9,1,"eBird"
"72","URN:CornellLabOfOrnithology:EBIRD:OBS671430125","2018-10-29 11:20:54",18550,"species","avibase-63999CD3","Noronha Vireo","Vireo gracilirostris","","","","20","","","","","Brazil","BR","Pernambuco","BR-PE",NA,NA,NA,NA,NA,NA,"Fernando de Noronha--Trilha para o Mirante dos Golfinhos, Praia do Sancho e Mirante Dois IrmÃ£os","L8017336","H",-3.8541464,-32.4423055,"2018-10-10","07:03:00","obsr757924","S49538988","Traveling","P22","EBIRD_BRA",21,0.94,NA,15,1,"G3549639",0,1,0,"","","",2368,6,1,"eBird"
"73","URN:CornellLabOfOrnithology:EBIRD:OBS669788438","2018-10-24 07:59:19",18550,"species","avibase-63999CD3","Noronha Vireo","Vireo gracilirostris","","","","X","","","","","Brazil","BR","Pernambuco","BR-PE",NA,NA,NA,NA,NA,NA,"Fernando de Noronha--Mirante dos Golfinhos","L8017350","H",-3.8584299,-32.4466972,"2018-10-12","10:55:00","obsr501068","S49143547","Incidental","P20","EBIRD_BRA",NA,NA,NA,1,0,"",1,1,0,"","","",2428,3,1,"eBird"
"74","URN:CornellLabOfOrnithology:EBIRD:OBS664662272","2018-10-23 23:15:32",18550,"species","avibase-63999CD3","Noronha Vireo","Vireo gracilirostris","","","","1","","","","","Brazil","BR","Pernambuco","BR-PE",NA,NA,NA,NA,NA,NA,"Fernando de Noronha--Praia do Sueste","L7998967","H",-3.8664129,-32.4262625,"2018-10-08","08:26:00","obsr501068","S49039595","Stationary","P21","EBIRD_BRA",5,NA,NA,1,1,"",0,1,0,"","","",2391,5,1,"eBird"
"75","URN:CornellLabOfOrnithology:EBIRD:OBS1023338685","2020-12-05 11:02:57.888816",18550,"species","avibase-63999CD3","Noronha Vireo","Vireo gracilirostris","","","","X","","","","","Brazil","BR","Pernambuco","BR-PE",NA,NA,NA,NA,NA,NA,"Fernando de Noronha--Praia do Sancho","L8017347","H",-3.8550319,-32.443397,"2018-12-12","09:00:00","obsr1348592","S77088730","Traveling","P22","EBIRD",480,4,NA,1,0,"",0,1,0,"","Caminhada por vÃ¡rias praias no entorno, do mirante dos golfinhos atÃ© a fortaleza","",2728,12,1,"eBird"
"76","URN:CornellLabOfOrnithology:EBIRD:OBS1023331090","2022-03-10 20:14:04.875326",18550,"species","avibase-63999CD3","Noronha Vireo","Vireo gracilirostris","","","","6","","","","","Brazil","BR","Pernambuco","BR-PE",NA,NA,NA,NA,NA,NA,"Fernando de Noronha--Praia do Meio","L8031030","H",-3.8397831,-32.4146466,"2018-12-15","06:00:00","obsr1348592","S77087439","Traveling","P22","EBIRD",90,2,NA,1,0,"",1,1,0,"","","",2744,7,1,"eBird"
"77","URN:CornellLabOfOrnithology:EBIRD:OBS712519844","2019-02-18 11:23:39",18550,"species","avibase-63999CD3","Noronha Vireo","Vireo gracilirostris","","","","17","","","","","Brazil","BR","Pernambuco","BR-PE",NA,NA,NA,NA,NA,NA,"Mirante dos Golfinhos","L8603816","P",-3.8581531,-32.4467844,"2019-01-30","08:00:00","obsr757924","S52876847","Historical","P62","EBIRD",180,NA,NA,3,1,"G3871270",0,1,0,"","","",2917,10,1,"eBird"
"78","URN:CornellLabOfOrnithology:EBIRD:OBS709953073","2019-02-18 11:23:39",18550,"species","avibase-63999CD3","Noronha Vireo","Vireo gracilirostris","","","","17","","","","","Brazil","BR","Pernambuco","BR-PE",NA,NA,NA,NA,NA,NA,"Mirante dos Golfinhos","L8603816","P",-3.8581531,-32.4467844,"2019-01-30","08:00:00","obsr1219269","S52658475","Historical","P62","EBIRD",180,NA,NA,3,1,"G3871270",0,1,0,"","","",2915,10,1,"eBird"
"79","URN:CornellLabOfOrnithology:EBIRD:OBS710493541","2019-02-14 19:21:21",18550,"species","avibase-63999CD3","Noronha Vireo","Vireo gracilirostris","","","","6","","","","","Brazil","BR","Pernambuco","BR-PE",NA,NA,NA,NA,NA,NA,"Mirante dos Golfinhos","L8611049","P",-3.8580995,-32.4468097,"2019-01-31","08:47:00","obsr1219269","S52704200","Historical","P62","EBIRD",180,NA,NA,3,1,"",0,1,0,"","","",2914,10,1,"eBird"
"80","URN:CornellLabOfOrnithology:EBIRD:OBS716692913","2019-02-28 18:12:14",18550,"species","avibase-63999CD3","Noronha Vireo","Vireo gracilirostris","","","","X","","","","","Brazil","BR","Pernambuco","BR-PE",NA,NA,NA,NA,NA,NA,"Fernando de Noronha--Praia do Sancho","L8017347","H",-3.8550319,-32.443397,"2019-02-22","16:00:00","obsr444534","S53232011","Incidental","P20","EBIRD",NA,NA,NA,2,0,"",1,1,0,"","","",3063,4,1,"eBird"
"81","URN:CornellLabOfOrnithology:EBIRD:OBS712525188","2019-02-20 15:27:24",18550,"species","avibase-63999CD3","Noronha Vireo","Vireo gracilirostris","","","","24","","","","","Brazil","BR","Pernambuco","BR-PE",NA,NA,NA,NA,NA,NA,"Fernando de Noronha--Trilha Capim-aÃ§u","L8647382","H",-3.870618,-32.456573,"2019-02-16","08:00:00","obsr757924","S52877393","Traveling","P22","EBIRD",300,5,NA,3,1,"",0,1,0,"","","",3052,10,1,"eBird"
"82","URN:CornellLabOfOrnithology:EBIRD:OBS716722741","2019-02-28 19:56:00",18550,"species","avibase-63999CD3","Noronha Vireo","Vireo gracilirostris","","","","X","","","","","Brazil","BR","Pernambuco","BR-PE",NA,NA,NA,NA,NA,NA,"Fernando de Noronha--Praia do Sueste","L7998967","H",-3.8664129,-32.4262625,"2019-02-25","17:00:00","obsr444534","S53234419","Incidental","P20","EBIRD",NA,NA,NA,2,0,"",0,1,0,"","","",3039,7,1,"eBird"
"83","URN:CornellLabOfOrnithology:EBIRD:OBS716699982","2019-02-28 18:34:18",18550,"species","avibase-63999CD3","Noronha Vireo","Vireo gracilirostris","","","","X","","","","","Brazil","BR","Pernambuco","BR-PE",NA,NA,NA,NA,NA,NA,"Fernando de Noronha--Praia do Sancho","L8017347","H",-3.8550319,-32.443397,"2019-02-23","13:00:00","obsr444534","S53232586","Incidental","P20","EBIRD",NA,NA,NA,2,0,"",1,1,0,"","","",3053,7,1,"eBird"
"84","URN:CornellLabOfOrnithology:EBIRD:OBS716680480","2019-02-28 17:39:44",18550,"species","avibase-63999CD3","Noronha Vireo","Vireo gracilirostris","","","","X","","","","","Brazil","BR","Pernambuco","BR-PE",NA,NA,NA,NA,NA,NA,"Fernando de Noronha--Praia da Cacimba do Padre","L8024407","H",-3.8506873,-32.4387929,"2019-02-22","12:00:00","obsr444534","S53231012","Incidental","P20","EBIRD",NA,NA,NA,2,0,"",0,1,0,"","","",3058,7,1,"eBird"
"85","URN:CornellLabOfOrnithology:EBIRD:OBS782636701","2019-07-06 19:32:58",18550,"species","avibase-63999CD3","Noronha Vireo","Vireo gracilirostris","","","","3","","","","","Brazil","BR","Pernambuco","BR-PE",NA,NA,NA,NA,NA,NA,"(-3,8462,-32,4311)","L9599054","P",-3.846197,-32.431091,"2019-04-04","12:39:00","obsr640234","S57982660","Traveling","P22","EBIRD",30,1,NA,1,1,"",0,1,0,"","","",3100,10,1,"eBird"
"86","URN:CornellLabOfOrnithology:EBIRD:OBS732818421","2019-04-02 17:09:58",18550,"species","avibase-63999CD3","Noronha Vireo","Vireo gracilirostris","","","","11","","","","","Brazil","BR","Pernambuco","BR-PE",NA,NA,NA,NA,NA,NA,"Atalaia longa (-3,8494,-32,4040)","L8962736","P",-3.849362,-32.403991,"2019-04-02","08:06:00","obsr640234","S54493453","Traveling","P22","EBIRD",120,3,NA,2,1,"",0,1,0,"","","",3099,15,1,"eBird"
"87","URN:CornellLabOfOrnithology:EBIRD:OBS1042712490","2021-01-02 20:32:03.006723",18550,"species","avibase-63999CD3","Noronha Vireo","Vireo gracilirostris","","","","1","","","","","Brazil","BR","Pernambuco","BR-PE",NA,NA,NA,NA,NA,NA,"Fernando de Noronha--PIC Golfinho-Sancho","L8023695","H",-3.8556479,-32.4395069,"2019-06-07","15:55:00","obsr894198","S78537934","Stationary","P21","EBIRD",15,NA,NA,2,0,"",1,1,0,"","","",3172,2,1,"eBird"
"88","URN:CornellLabOfOrnithology:EBIRD:OBS785365926","2021-01-02 18:39:39.802964",18550,"species","avibase-63999CD3","Noronha Vireo","Vireo gracilirostris","","","","4","","","","","Brazil","BR","Pernambuco","BR-PE",NA,NA,NA,NA,NA,NA,"Fernando de Noronha--Ponta das Caracas","L7998807","H",-3.8751042,-32.4252767,"2019-06-09","07:48:00","obsr894198","S58198689","Traveling","P22","EBIRD",70,1,NA,2,1,"G4362314",1,1,0,"","","",3144,9,1,"eBird"
"89","URN:CornellLabOfOrnithology:EBIRD:OBS785506632","2019-07-16 16:00:20",18550,"species","avibase-63999CD3","Noronha Vireo","Vireo gracilirostris","","","","4","","","","","Brazil","BR","Pernambuco","BR-PE",NA,NA,NA,NA,NA,NA,"Fernando de Noronha--Ponta das Caracas","L7998807","H",-3.8751042,-32.4252767,"2019-06-09","07:48:00","obsr622841","S58210188","Traveling","P22","EBIRD",70,1,NA,2,0,"G4362314",1,1,0,"","","",3143,8,1,"eBird"
"90","URN:CornellLabOfOrnithology:EBIRD:OBS1066470803","2021-03-25 04:52:06.254761",18550,"species","avibase-63999CD3","Noronha Vireo","Vireo gracilirostris","","","","1","","","","","Brazil","BR","Pernambuco","BR-PE",NA,NA,NA,NA,NA,NA,"Fernando de Noronha--Trilha para o Mirante dos Golfinhos, Praia do Sancho e Mirante Dois IrmÃ£os","L8017336","H",-3.8541464,-32.4423055,"2019-06-08","06:50:00","obsr894198","S80474240","Stationary","P21","EBIRD",122,NA,NA,2,1,"G6268985",1,1,0,"","","",3155,6,1,"eBird"
"91","URN:CornellLabOfOrnithology:EBIRD:OBS1069553513","2021-03-25 04:52:06.254761",18550,"species","avibase-63999CD3","Noronha Vireo","Vireo gracilirostris","","","","1","","","","","Brazil","BR","Pernambuco","BR-PE",NA,NA,NA,NA,NA,NA,"Fernando de Noronha--Trilha para o Mirante dos Golfinhos, Praia do Sancho e Mirante Dois IrmÃ£os","L8017336","H",-3.8541464,-32.4423055,"2019-06-08","06:50:00","obsr622841","S80742856","Stationary","P21","EBIRD",122,NA,NA,2,1,"G6268985",1,1,0,"","","",3154,6,1,"eBird"
"92","URN:CornellLabOfOrnithology:EBIRD:OBS809011178","2021-09-07 21:06:51.461936",18550,"species","avibase-63999CD3","Noronha Vireo","Vireo gracilirostris","","","","2","","","","","Brazil","BR","Pernambuco","BR-PE",NA,NA,NA,NA,NA,NA,"Sueste and Leao","L9950906","P",-3.8666261,-32.4271014,"2019-09-14","14:00:00","obsr815754","S60066744","Traveling","P22","EBIRD",120,3,NA,1,1,"",1,1,0,"","","",3240,15,1,"eBird"
"93","URN:CornellLabOfOrnithology:EBIRD:OBS809004171","2021-03-25 04:52:06.254761",18550,"species","avibase-63999CD3","Noronha Vireo","Vireo gracilirostris","","","","10","","","","","Brazil","BR","Pernambuco","BR-PE",NA,NA,NA,NA,NA,NA,"Golfino and Sancho","L9950875","P",-3.8554312,-32.4399975,"2019-09-14","10:00:00","obsr815754","S60066131","Traveling","P22","EBIRD",120,3,NA,1,1,"",0,1,0,"","","",3236,8,1,"eBird"
"94","URN:CornellLabOfOrnithology:EBIRD:OBS830177334","2019-11-21 08:39:20",18550,"species","avibase-63999CD3","Noronha Vireo","Vireo gracilirostris","","","","4","","","","","Brazil","BR","Pernambuco","BR-PE",NA,NA,NA,NA,NA,NA,"Fernando de Noronha--Trilha Capim-aÃ§u","L8647382","H",-3.870618,-32.456573,"2019-11-21","08:42:00","obsr1487338","S61622882","Traveling","P22","EBIRD",175,2.66,NA,12,1,"",0,1,0,"","","",3483,8,1,"eBird"
"95","URN:CornellLabOfOrnithology:EBIRD:OBS830174810","2019-11-21 08:26:26",18550,"species","avibase-63999CD3","Noronha Vireo","Vireo gracilirostris","","","","6","","","","","Brazil","BR","Pernambuco","BR-PE",NA,NA,NA,NA,NA,NA,"BR-RN-Fernando de Noronha (-3,8661,-32,4475)","L10179717","P",-3.866055,-32.447465,"2019-11-21","08:29:00","obsr640234","S61622667","Traveling","P22","EBIRD",180,3.19,NA,12,1,"",0,1,0,"","","",3482,9,1,"eBird"
"96","URN:CornellLabOfOrnithology:EBIRD:OBS830594996","2019-11-22 16:02:59",18550,"species","avibase-63999CD3","Noronha Vireo","Vireo gracilirostris","","","","9","","","","","Brazil","BR","Pernambuco","BR-PE",NA,NA,NA,NA,NA,NA,"Fernando de Noronha--Praia do Sancho","L8017347","H",-3.8550319,-32.443397,"2019-11-22","14:45:00","obsr640234","S61654995","Traveling","P22","EBIRD",60,2,NA,1,1,"",0,1,0,"","","",3485,8,1,"eBird"
"97","URN:CornellLabOfOrnithology:EBIRD:OBS830174798","2019-11-21 08:26:24",18550,"species","avibase-63999CD3","Noronha Vireo","Vireo gracilirostris","","","","11","","","","","Brazil","BR","Pernambuco","BR-PE",NA,NA,NA,NA,NA,NA,"Capim acu BR-RN-Fernando de Noronha (-3,8660,-32,4474)","L10179716","P",-3.865985,-32.447392,"2019-11-21","08:40:00","obsr1487555","S61622666","Traveling","P22","EBIRD",180,5.134,NA,12,1,"",0,1,0,"","","",3486,9,1,"eBird"
"98","URN:CornellLabOfOrnithology:EBIRD:OBS958533644","2020-07-20 10:53:50",18550,"species","avibase-63999CD3","Noronha Vireo","Vireo gracilirostris","","","","X","","","","","Brazil","BR","Pernambuco","BR-PE",NA,NA,NA,NA,NA,NA,"Fernando de Noronha--Mirante dos Golfinhos","L8017350","H",-3.8584299,-32.4466972,"2019-12-25","10:00:00","obsr1142862","S71666034","Traveling","P22","EBIRD",120,3.219,NA,2,1,"",0,1,0,"","","",3682,4,1,"eBird"
"99","URN:CornellLabOfOrnithology:EBIRD:OBS895333322","2021-03-25 04:52:06.254761",18550,"species","avibase-63999CD3","Noronha Vireo","Vireo gracilirostris","","","","4","","","","","Brazil","BR","Pernambuco","BR-PE",NA,NA,NA,NA,NA,NA,"Fernando de Noronha--Mirante do BoldrÃ³","L7993258","H",-3.8461678,-32.4290434,"2020-04-15","10:53:00","obsr1627359","S67231370","Stationary","P21","EBIRD",39,NA,NA,1,1,"",0,1,0,"","","",3982,8,1,"eBird"
"100","URN:CornellLabOfOrnithology:EBIRD:OBS1074088480","2021-02-14 16:20:47.815717",18550,"species","avibase-63999CD3","Noronha Vireo","Vireo gracilirostris","","","","1","","","","","Brazil","BR","Pernambuco","BR-PE",NA,NA,NA,NA,NA,NA,"Fernando de Noronha--Ponta das Caracas","L7998807","H",-3.8751042,-32.4252767,"2021-02-14","09:00:00","obsr1004826","S81464852","Stationary","P21","EBIRD",30,NA,NA,4,1,"",0,1,0,"","","",4399,10,1,"eBird"
"101","URN:CornellLabOfOrnithology:EBIRD:OBS1074090016","2021-02-14 16:30:47.596765",18550,"species","avibase-63999CD3","Noronha Vireo","Vireo gracilirostris","","","","2","","","","","Brazil","BR","Pernambuco","BR-PE",NA,NA,NA,NA,NA,NA,"Fernando de Noronha--Praia do Sancho","L8017347","H",-3.8550319,-32.443397,"2021-02-10","08:40:00","obsr1004826","S81467478","Traveling","P22","EBIRD",60,0.5,NA,2,1,"",0,1,0,"","","",4415,9,1,"eBird"
"102","URN:CornellLabOfOrnithology:EBIRD:OBS1089386279","2021-03-07 07:49:43.021567",18550,"species","avibase-63999CD3","Noronha Vireo","Vireo gracilirostris","","","","X","","","","","Brazil","BR","Pernambuco","BR-PE",NA,NA,NA,NA,NA,NA,"Fernando de Noronha--PIC Golfinho-Sancho","L8023695","H",-3.8556479,-32.4395069,"2021-03-07","08:48:00","obsr351678","S82923372","Traveling","P22","EBIRD",23,0.612,NA,1,1,"",0,1,0,"","","",4459,4,1,"eBird"
"103","URN:CornellLabOfOrnithology:EBIRD:OBS1089668187","2021-03-07 12:58:53.727309",18550,"species","avibase-63999CD3","Noronha Vireo","Vireo gracilirostris","","","","5","","","","","Brazil","BR","Pernambuco","BR-PE",NA,NA,NA,NA,NA,NA,"Fernando de Noronha--Mirante dos Golfinhos","L8017350","H",-3.8584299,-32.4466972,"2021-03-07","10:59:00","obsr351678","S82950178","Stationary","P21","EBIRD",30,NA,NA,1,1,"",0,1,0,"","","",4449,8,1,"eBird"
"104","URN:CornellLabOfOrnithology:EBIRD:OBS1273276455","2021-11-08 09:36:51.459404",18550,"species","avibase-63999CD3","Noronha Vireo","Vireo gracilirostris","","","","8","","","","","Brazil","BR","Pernambuco","BR-PE",NA,NA,NA,NA,NA,NA,"Fernando de Noronha--Praia do Sueste","L7998967","H",-3.8664129,-32.4262625,"2021-10-29","07:04:00","obsr640234","S97294752","Traveling","P22","EBIRD",40,1.11,NA,5,1,"G7398899",0,1,0,"","","Singing",4738,9,1,"eBird"
"105","URN:CornellLabOfOrnithology:EBIRD:OBS1267128533","2021-11-08 09:36:51.459404",18550,"species","avibase-63999CD3","Noronha Vireo","Vireo gracilirostris","","","","8","","","","","Brazil","BR","Pernambuco","BR-PE",NA,NA,NA,NA,NA,NA,"Fernando de Noronha--Praia do Sueste","L7998967","H",-3.8664129,-32.4262625,"2021-10-29","07:04:00","obsr601274","S96834891","Traveling","P22","EBIRD",40,1.11,NA,5,1,"G7398899",0,1,0,"",". Sol. Praia do Sueste","Singing",4741,9,1,"eBird"
"106","URN:CornellLabOfOrnithology:EBIRD:OBS1281214870","2022-03-03 17:21:11.205237",18550,"species","avibase-63999CD3","Noronha Vireo","Vireo gracilirostris","","","","8","","","","","Brazil","BR","Pernambuco","BR-PE",NA,NA,NA,NA,NA,NA,"Fernando de Noronha--Mirante dos Golfinhos","L8017350","H",-3.8584299,-32.4466972,"2021-10-26","09:20:00","obsr280745","S97867244","Traveling","P22","EBIRD",270,4,NA,1,1,"",1,1,1,"","","",4759,8,1,"eBird"
"107","URN:CornellLabOfOrnithology:EBIRD:OBS1363549738","2022-05-12 13:54:43.06805",18550,"species","avibase-63999CD3","Noronha Vireo","Vireo gracilirostris","","","","30","","","","","Brazil","BR","Pernambuco","BR-PE",NA,NA,NA,NA,NA,NA,"Fernando de Noronha--Mirante dos Golfinhos","L8017350","H",-3.8584299,-32.4466972,"2022-03-11","08:25:00","obsr213018","S104649698","Traveling","P22","EBIRD",247,3.742,NA,7,1,"",1,1,1,"","","Abundant here",5699,10,1,"eBird"
"108","URN:CornellLabOfOrnithology:EBIRD:OBS1430272537","2022-05-15 14:16:57.729642",18550,"species","avibase-63999CD3","Noronha Vireo","Vireo gracilirostris","","","","4","","","","","Brazil","BR","Pernambuco","BR-PE",NA,NA,NA,NA,NA,NA,"Fernando de Noronha--Praia do Sueste","L7998967","H",-3.8664129,-32.4262625,"2022-05-15","12:20:00","obsr162357","S110225506","Incidental","P20","EBIRD",NA,NA,NA,1,0,"",0,1,1,"","","Comum na Ilha",6050,5,1,"eBird"
"109","URN:CornellLabOfOrnithology:EBIRD:OBS1427216426","2022-05-16 23:23:31.589614",18550,"species","avibase-63999CD3","Noronha Vireo","Vireo gracilirostris","","","","6","","","","","Brazil","BR","Pernambuco","BR-PE",NA,NA,NA,NA,NA,NA,"Fernando de Noronha--Praia do Sueste","L7998967","H",-3.8664129,-32.4262625,"2022-05-14","06:16:00","obsr162357","S109965193","Stationary","P21","EBIRD",15,NA,NA,1,1,"",0,1,1,"","","Comum na ilha",6016,6,1,"eBird"
"110","URN:CornellLabOfOrnithology:EBIRD:OBS1410768696","2022-05-04 07:54:19.792438",18550,"species","avibase-63999CD3","Noronha Vireo","Vireo gracilirostris","","","","4","","","","","Brazil","BR","Pernambuco","BR-PE",NA,NA,NA,NA,NA,NA,"Fernando de Noronha--Praia do Sueste","L7998967","H",-3.8664129,-32.4262625,"2022-05-01","10:40:00","obsr162357","S108602873","Stationary","P21","EBIRD",10,NA,NA,1,1,"",0,1,1,"","","Comum na ilha",6048,4,1,"eBird"
"111","URN:CornellLabOfOrnithology:EBIRD:OBS1413545912","2022-06-23 10:47:36.332994",18550,"species","avibase-63999CD3","Noronha Vireo","Vireo gracilirostris","","","","2","","","","","Brazil","BR","Pernambuco","BR-PE",NA,NA,NA,NA,NA,NA,"Fernando de Noronha--Praia do Sueste","L7998967","H",-3.8664129,-32.4262625,"2022-05-02","09:20:00","obsr162357","S108832964","Traveling","P22","EBIRD",120,3.88,NA,1,1,"",0,1,1,"","","Comum na.ilha",6012,14,1,"eBird"
"112","URN:CornellLabOfOrnithology:EBIRD:OBS863781458","2020-03-14 14:13:11",6976,"species","avibase-8AA3B42E","Magnificent Frigatebird","Fregata magnificens","","","","1","F ","C1","F ","","Brazil","BR","Pernambuco","BR-PE",NA,NA,NA,NA,NA,NA,"Fernando de Noronha--BaÃ­a dos Porcos","L8024410","H",-3.8506826,-32.4409688,"2006-03-06","14:55:00","obsr1416956","S64434244","Stationary","P21","EBIRD",240,NA,NA,1,1,"",1,1,0,"","","",365,2,0,"eBird"
"113","URN:CornellLabOfOrnithology:EBIRD:OBS1278696326","2021-11-16 22:48:08.255036",6998,"species","avibase-5EC21767","Brown Booby","Sula leucogaster","","","","10","","","","","Brazil","BR","Pernambuco","BR-PE",NA,NA,NA,NA,NA,NA,"Fernando de Noronha--Praia do Sancho","L8017347","H",-3.8550319,-32.443397,"2008-11-21","10:22:00","obsr2563457","S97687579","Incidental","P20","EBIRD",NA,NA,NA,1,0,"",1,1,0,"","","",601,1,0,"eBird"
"114","URN:CornellLabOfOrnithology:EBIRD:OBS1278684254","2021-11-16 22:46:11.168409",6410,"species","avibase-A070171E","Brown Noddy","Anous stolidus","","","","60","","","","","Brazil","BR","Pernambuco","BR-PE",NA,NA,NA,NA,NA,NA,"Fernando de Noronha--Mirante Dois IrmÃ£os","L8024257","H",-3.8521431,-32.4420785,"2008-11-21","08:25:00","obsr2563457","S97687542","Stationary","P21","EBIRD",20,NA,NA,1,1,"",1,1,0,"","","",602,3,0,"eBird"
"115","URN:CornellLabOfOrnithology:EBIRD:OBS964390066","2020-08-05 07:05:27",6416,"species","avibase-C67DCF31","Black Noddy","Anous minutus","","","","20","","","","","Brazil","BR","Pernambuco","BR-PE",NA,NA,NA,NA,NA,NA,"Fernando de Noronha--Mirante dos Golfinhos","L8017350","H",-3.8584299,-32.4466972,"2009-10-06","07:00:00","obsr814057","S72123117","Traveling","P22","EBIRD",360,5,NA,1,1,"",0,1,0,"","","Lista de 2009 Ilha de Fernando de Noronha",655,7,0,"eBird"
"116","URN:CornellLabOfOrnithology:EBIRD:OBS858824788","2020-02-01 15:39:29",6998,"species","avibase-5EC21767","Brown Booby","Sula leucogaster","","","","1","","","","","Brazil","BR","Pernambuco","BR-PE",NA,NA,NA,NA,NA,NA,"Fernando de Noronha--Mirante do BoldrÃ³","L7993258","H",-3.8461678,-32.4290434,"2011-03-14","16:55:00","obsr511116","S64014900","Stationary","P21","EBIRD",11,NA,NA,1,1,"",0,1,0,"","","",780,3,0,"eBird"
"117","URN:CornellLabOfOrnithology:EBIRD:OBS858822339","2020-02-01 15:34:25",6998,"species","avibase-5EC21767","Brown Booby","Sula leucogaster","","","","15","","","","","Brazil","BR","Pernambuco","BR-PE",NA,NA,NA,NA,NA,NA,"Fernando de Noronha--Praia do Sueste","L7998967","H",-3.8664129,-32.4262625,"2011-03-14","14:48:00","obsr511116","S64014652","Stationary","P21","EBIRD",55,NA,NA,1,1,"",0,1,0,"","","",781,4,0,"eBird"
"118","URN:CornellLabOfOrnithology:EBIRD:OBS858811851","2020-02-01 15:13:54",6410,"species","avibase-A070171E","Brown Noddy","Anous stolidus","","","","5","","","","","Brazil","BR","Pernambuco","BR-PE",NA,NA,NA,NA,NA,NA,"Fernando de Noronha--Praia do Sancho","L8017347","H",-3.8550319,-32.443397,"2011-03-14","08:35:00","obsr511116","S64013661","Stationary","P21","EBIRD",125,NA,NA,1,1,"",0,1,0,"","","",782,7,0,"eBird"
"119","URN:CornellLabOfOrnithology:EBIRD:OBS506765730","2018-07-05 16:12:49",6416,"species","avibase-C67DCF31","Black Noddy","Anous minutus","","","","5","","","","","Brazil","BR","Pernambuco","BR-PE",NA,NA,NA,NA,NA,NA,"Fernando de Noronha - Praia do Sancho","L5913384","P",-3.8543637,-32.4423695,"2011-12-26","09:00:00","obsr814626","S37292189","Incidental","P20","EBIRD",NA,NA,NA,1,0,"",1,1,0,"","","",837,1,0,"eBird"
"120","URN:CornellLabOfOrnithology:EBIRD:OBS1000083630","2020-10-21 06:16:54",6416,"species","avibase-C67DCF31","Black Noddy","Anous minutus","","","","8","","","","","Brazil","BR","Pernambuco","BR-PE",NA,NA,NA,NA,NA,NA,"Fernando de Noronha--Praia do Sancho","L8017347","H",-3.8550319,-32.443397,"2013-06-06","08:00:00","obsr553158","S75167921","Incidental","P20","EBIRD",NA,NA,NA,3,0,"",1,1,0,"","","",910,2,0,"eBird"
"121","URN:CornellLabOfOrnithology:EBIRD:OBS1444224610","2022-05-28 12:16:53.220335",5668,"species","avibase-2143A852","American Golden-Plover","Pluvialis dominica","","","","X","","","","","Brazil","BR","Pernambuco","BR-PE",NA,NA,NA,NA,NA,NA,"Fernando de Noronha--Praia do Sueste","L7998967","H",-3.8664129,-32.4262625,"2014-02-25","17:30:00","obsr623195","S111445481","Traveling","P22","EBIRD",20,1,NA,4,1,"",0,1,0,"","","",947,4,0,"eBird"
"122","URN:CornellLabOfOrnithology:EBIRD:OBS1444871462","2022-05-28 13:03:45.356984",6416,"species","avibase-C67DCF31","Black Noddy","Anous minutus","","","","X","","","","","Brazil","BR","Pernambuco","BR-PE",NA,NA,NA,NA,NA,NA,"Fernando de Noronha--Mirante Dois IrmÃ£os","L8024257","H",-3.8521431,-32.4420785,"2014-02-26","15:00:00","obsr623195","S111504176","Traveling","P22","EBIRD",90,1,NA,3,1,"",0,1,0,"","","",950,5,0,"eBird"
"123","URN:CornellLabOfOrnithology:EBIRD:OBS1442532965","2022-05-25 19:32:05.582681",6416,"species","avibase-C67DCF31","Black Noddy","Anous minutus","","","","X","","","","","Brazil","BR","Pernambuco","BR-PE",NA,NA,NA,NA,NA,NA,"Fernando de Noronha--Trilha para o Mirante dos Golfinhos, Praia do Sancho e Mirante Dois IrmÃ£os","L8017336","H",-3.8541464,-32.4423055,"2014-02-25","09:00:00","obsr623195","S111286175","Traveling","P22","EBIRD",210,3,NA,4,1,"",0,1,0,"","","",953,5,0,"eBird"
"124","URN:CornellLabOfOrnithology:EBIRD:OBS1444842126","2022-05-28 12:54:37.511503",6416,"species","avibase-C67DCF31","Black Noddy","Anous minutus","","","","X","","","","","Brazil","BR","Pernambuco","BR-PE",NA,NA,NA,NA,NA,NA,"Fernando de Noronha--Praia do LeÃ£o","L7997367","H",-3.8699019,-32.4336885,"2014-02-26","12:30:00","obsr623195","S111501490","Traveling","P22","EBIRD",60,1,NA,3,1,"",0,1,0,"","","",954,3,0,"eBird"
"125","URN:CornellLabOfOrnithology:EBIRD:OBS1442550814","2022-05-27 19:19:51.106839",6998,"species","avibase-5EC21767","Brown Booby","Sula leucogaster","","","","X","","","","","Brazil","BR","Pernambuco","BR-PE",NA,NA,NA,NA,NA,NA,"Fernando de Noronha--Trilha Forte SÃ£o Joaquim do Sueste","L8005654","H",-3.8708901,-32.4268731,"2014-02-25","15:00:00","obsr623195","S111288278","Traveling","P22","EBIRD",130,2,NA,4,1,"",0,1,0,"","","",955,5,0,"eBird"
"126","URN:CornellLabOfOrnithology:EBIRD:OBS1445804202","2022-05-29 11:02:39.720941",6998,"species","avibase-5EC21767","Brown Booby","Sula leucogaster","","","","X","","","","","Brazil","BR","Pernambuco","BR-PE",NA,NA,NA,NA,NA,NA,"Fernando de Noronha--Praia do Sueste","L7998967","H",-3.8664129,-32.4262625,"2014-02-27","08:30:00","obsr623195","S111598095","Traveling","P22","EBIRD",120,1,NA,2,1,"",0,1,0,"","","",957,3,0,"eBird"
"127","URN:CornellLabOfOrnithology:EBIRD:OBS1442517224","2022-05-25 19:02:18.523742",6998,"species","avibase-5EC21767","Brown Booby","Sula leucogaster","","","","X","","","","","Brazil","BR","Pernambuco","BR-PE",NA,NA,NA,NA,NA,NA,"Fernando de Noronha--Praia do Sueste","L7998967","H",-3.8664129,-32.4262625,"2014-02-24","13:56:00","obsr623195","S111284945","Traveling","P22","EBIRD",240,2,NA,3,1,"",0,1,0,"","","",958,3,0,"eBird"
"128","URN:CornellLabOfOrnithology:EBIRD:OBS1441813076","2022-05-24 22:52:24.223184",6998,"species","avibase-5EC21767","Brown Booby","Sula leucogaster","","","","X","","","","","Brazil","BR","Pernambuco","BR-PE",NA,NA,NA,NA,NA,NA,"Fernando de Noronha--Praia do Meio","L8031030","H",-3.8397831,-32.4146466,"2014-02-23","17:00:00","obsr623195","S111221340","Traveling","P22","EBIRD",40,0.3,NA,3,1,"",0,1,0,"","","",959,2,0,"eBird"
"129","URN:CornellLabOfOrnithology:EBIRD:OBS1291979857","2021-12-09 07:55:18.707879",6416,"species","avibase-C67DCF31","Black Noddy","Anous minutus","","","","4","","","","","Brazil","BR","Pernambuco","BR-PE",NA,NA,NA,NA,NA,NA,"Fernando de Noronha--Trilha para o Mirante dos Golfinhos, Praia do Sancho e Mirante Dois IrmÃ£os","L8017336","H",-3.8541464,-32.4423055,"2016-07-03","","obsr911716","S98652290","Historical","P62","EBIRD",NA,NA,NA,2,1,"",0,1,0,"","","",1364,4,0,"eBird"
"130","URN:CornellLabOfOrnithology:EBIRD:OBS1291993091","2021-12-09 07:52:46.000777",6998,"species","avibase-5EC21767","Brown Booby","Sula leucogaster","","","","2","","","","","Brazil","BR","Pernambuco","BR-PE",NA,NA,NA,NA,NA,NA,"Fernando de Noronha--Praia do Sancho","L8017347","H",-3.8550319,-32.443397,"2016-07-03","","obsr911716","S98652238","Historical","P62","EBIRD",NA,NA,NA,2,1,"",1,1,0,"","","",1369,6,0,"eBird"
"131","URN:CornellLabOfOrnithology:EBIRD:OBS789846204","2019-07-29 23:34:44",7005,"species","avibase-0A4609D1","Red-footed Booby","Sula sula","","","","1","","","","","Brazil","BR","Pernambuco","BR-PE",NA,NA,NA,NA,NA,NA,"Fernando de Noronha--Praia do Sancho","L8017347","H",-3.8550319,-32.443397,"2017-02-04","09:00:00","obsr1154184","S58559551","Traveling","P22","EBIRD_BRA",120,3,NA,2,1,"",1,1,0,"","","",1631,1,0,"eBird"
"132","URN:CornellLabOfOrnithology:EBIRD:OBS540737462","2018-07-05 16:13:19",6416,"species","avibase-C67DCF31","Black Noddy","Anous minutus","","","","17","F ","C1","F ","","Brazil","BR","Pernambuco","BR-PE",NA,NA,NA,NA,NA,NA,"Ponta Da Sapata (-3.875, -32.475)","L6343426","P",-3.8749195,-32.475375,"2017-10-12","18:51:00","obsr537362","S39865453","Stationary","P21","EBIRD_BRA",20,NA,NA,3,1,"",0,1,0,"","Passeio de catamarÃ£, da empresa TrovÃ£o dos Mares, com meus pais","",1811,6,0,"eBird"
"133","URN:CornellLabOfOrnithology:EBIRD:OBS539880158","2018-07-05 16:13:19",6998,"species","avibase-5EC21767","Brown Booby","Sula leucogaster","","","","4","F ","C1","F ","","Brazil","BR","Pernambuco","BR-PE",NA,NA,NA,NA,NA,NA,"SantuÃ¡rio do Rabo de palha - (-3.874, -32.424)","L6336570","P",-3.8739094,-32.4235336,"2017-10-09","12:25:00","obsr537362","S39798945","Stationary","P21","EBIRD_BRA",44,NA,NA,4,1,"",0,1,0,"","Com meus pais e o guia JoÃ£o Paulo","",1813,5,0,"eBird"
"134","URN:CornellLabOfOrnithology:EBIRD:OBS871171523","2020-02-27 14:07:58",6976,"species","avibase-8AA3B42E","Magnificent Frigatebird","Fregata magnificens","","","","X","","","","","Brazil","BR","Pernambuco","BR-PE",NA,NA,NA,NA,NA,NA,"Praia Do Sueste","L10615400","P",-3.8656,-32.4242,"2018-03-24","","obsr674492","S65183115","Historical","P62","EBIRD",NA,NA,NA,NA,0,"",1,1,0,"","","IBC scientific name: Fregata magnificens rothschildi.",1995,1,0,"eBird"
"135","URN:CornellLabOfOrnithology:EBIRD:OBS871171520","2020-02-27 14:07:58",16038,"species","avibase-0A39BE20","Noronha Elaenia","Elaenia ridleyana","","","","X","","","","","Brazil","BR","Pernambuco","BR-PE",NA,NA,NA,NA,NA,NA,"Lookout Sancho Beach (-3.8529, -32.4421)","L10601381","P",-3.8529,-32.4421,"2018-03-24","","obsr674492","S65183113","Historical","P62","EBIRD",NA,NA,NA,NA,0,"",1,1,0,"","","",1996,1,0,"eBird"
"136","URN:CornellLabOfOrnithology:EBIRD:OBS871171518","2020-06-06 11:03:00",6441,"issf","avibase-38B88F11","White Tern","Gygis alba","White Tern (Atlantic)","Gygis alba alba","","X","","","","","Brazil","BR","Pernambuco","BR-PE",NA,NA,NA,NA,NA,NA,"Lookout Sancho Beach (-3.8543, -32.4424)","L10601380","P",-3.8543,-32.4424,"2018-03-24","","obsr674492","S65183112","Historical","P62","EBIRD",NA,NA,NA,NA,0,"",1,1,1,"","","",1997,2,0,"eBird"
"137","URN:CornellLabOfOrnithology:EBIRD:OBS666460611","2019-01-28 14:57:05",6906,"species","avibase-06C36D41","Audubon's Shearwater","Puffinus lherminieri","","","","X","","","","","Brazil","BR","Pernambuco","BR-PE",NA,NA,NA,NA,NA,NA,"Fernando de Noronha--Praia do LeÃ£o","L7997367","H",-3.8699019,-32.4336885,"2018-10-13","22:02:00","obsr501068","S49174678","Incidental","P20","EBIRD_BRA",NA,NA,NA,1,0,"",0,1,1,"","Registro auditivo. ","",2322,1,0,"eBird"
"138","URN:CornellLabOfOrnithology:EBIRD:OBS665104362","2018-10-24 00:08:17",5664,"species","avibase-27903EF7","Black-bellied Plover","Pluvialis squatarola","","","","1","","","","","Brazil","BR","Pernambuco","BR-PE",NA,NA,NA,NA,NA,NA,"Fernando de Noronha--Ponta das Caracas","L7998807","H",-3.8751042,-32.4252767,"2018-10-09","07:03:00","obsr501068","S49072940","Stationary","P21","EBIRD_BRA",47,NA,NA,1,1,"",0,1,0,"","","",2332,12,0,"eBird"
"139","URN:CornellLabOfOrnithology:EBIRD:OBS664172036","2018-10-23 23:54:38",5664,"species","avibase-27903EF7","Black-bellied Plover","Pluvialis squatarola","","","","1","","","","","Brazil","BR","Pernambuco","BR-PE",NA,NA,NA,NA,NA,NA,"Fernando de Noronha--Mirante do BoldrÃ³","L7993258","H",-3.8461678,-32.4290434,"2018-10-07","05:53:00","obsr501068","S49007873","Stationary","P21","EBIRD_BRA",10,NA,NA,1,1,"",0,1,0,"","2 mocÃ³s","",2338,9,0,"eBird"
"140","URN:CornellLabOfOrnithology:EBIRD:OBS664660990","2018-10-24 00:01:10",5664,"species","avibase-27903EF7","Black-bellied Plover","Pluvialis squatarola","","","","3","","","","","Brazil","BR","Pernambuco","BR-PE",NA,NA,NA,NA,NA,NA,"Fernando de Noronha--Ponta das Caracas","L7998807","H",-3.8751042,-32.4252767,"2018-10-08","07:06:00","obsr501068","S49039499","Stationary","P21","EBIRD_BRA",39,NA,NA,1,1,"",0,1,0,"","","",2340,13,0,"eBird"
"141","URN:CornellLabOfOrnithology:EBIRD:OBS663995351","2018-10-23 23:48:45",5664,"species","avibase-27903EF7","Black-bellied Plover","Pluvialis squatarola","","","","4","","","","","Brazil","BR","Pernambuco","BR-PE",NA,NA,NA,NA,NA,NA,"Fernando de Noronha--Ponta das Caracas","L7998807","H",-3.8751042,-32.4252767,"2018-10-06","14:20:00","obsr501068","S48997261","Stationary","P21","EBIRD_BRA",38,NA,NA,1,1,"",0,1,0,"","","",2341,11,0,"eBird"
"142","URN:CornellLabOfOrnithology:EBIRD:OBS667250042","2018-10-24 19:54:57",5664,"species","avibase-27903EF7","Black-bellied Plover","Pluvialis squatarola","","","","1","","","","","Brazil","BR","Pernambuco","BR-PE",NA,NA,NA,NA,NA,NA,"Fernando de Noronha--Ponta das Caracas","L7998807","H",-3.8751042,-32.4252767,"2018-10-16","06:40:00","obsr501068","S49227745","Stationary","P21","EBIRD_BRA",73,NA,NA,3,1,"",0,1,0,"","","",2343,13,0,"eBird"
"143","URN:CornellLabOfOrnithology:EBIRD:OBS666362454","2018-10-23 23:14:57",6416,"species","avibase-C67DCF31","Black Noddy","Anous minutus","","","","1","F ","C1","F ","","Brazil","BR","Pernambuco","BR-PE",NA,NA,NA,NA,NA,NA,"Fernando de Noronha--Praia do LeÃ£o","L7997367","H",-3.8699019,-32.4336885,"2018-10-13","15:31:00","obsr501068","S49168274","Traveling","P22","EBIRD_BRA",60,0.71,NA,1,1,"",0,1,0,"","","",2352,5,0,"eBird"
"144","URN:CornellLabOfOrnithology:EBIRD:OBS667781323","2021-03-25 04:52:06.254761",6416,"species","avibase-C67DCF31","Black Noddy","Anous minutus","","","","6","F ","C1","F ","","Brazil","BR","Pernambuco","BR-PE",NA,NA,NA,NA,NA,NA,"Fernando de Noronha--Mirante do BoldrÃ³","L7993258","H",-3.8461678,-32.4290434,"2018-10-18","06:07:00","obsr501068","S49266538","Stationary","P21","EBIRD_BRA",10,NA,NA,1,1,"",0,1,0,"","Dois Kerodon rupestris","",2353,8,0,"eBird"
"145","URN:CornellLabOfOrnithology:EBIRD:OBS665749653","2018-10-24 19:54:57",6416,"species","avibase-C67DCF31","Black Noddy","Anous minutus","","","","4","F ","C1","F ","","Brazil","BR","Pernambuco","BR-PE",NA,NA,NA,NA,NA,NA,"Fernando de Noronha--Ponta das Caracas","L7998807","H",-3.8751042,-32.4252767,"2018-10-11","07:05:00","obsr501068","S49123773","Stationary","P21","EBIRD_BRA",36,NA,NA,1,1,"",0,1,0,"","","",2362,11,0,"eBird"
"146","URN:CornellLabOfOrnithology:EBIRD:OBS666015919","2018-10-23 23:16:37",6416,"species","avibase-C67DCF31","Black Noddy","Anous minutus","","","","3","F ","C1","F ","","Brazil","BR","Pernambuco","BR-PE",NA,NA,NA,NA,NA,NA,"Fernando de Noronha--BaÃ­a dos Porcos","L8024410","H",-3.8506826,-32.4409688,"2018-10-12","12:56:00","obsr501068","S49143613","Stationary","P21","EBIRD_BRA",5,NA,NA,1,1,"",0,1,0,"","","",2363,2,0,"eBird"
"147","URN:CornellLabOfOrnithology:EBIRD:OBS667253062","2018-10-24 00:29:46",6998,"species","avibase-5EC21767","Brown Booby","Sula leucogaster","","","","5","F ","C1","F ","","Brazil","BR","Pernambuco","BR-PE",NA,NA,NA,NA,NA,NA,"SantuÃ¡rio dos rabos-de-junco","L8013519","P",-3.873757,-32.4234677,"2018-10-16","08:02:00","obsr501068","S49228031","Stationary","P21","EBIRD_BRA",40,NA,NA,3,1,"",0,1,0,"","","",2381,9,0,"eBird"
"148","URN:CornellLabOfOrnithology:EBIRD:OBS666669468","2018-10-23 23:14:53",6998,"species","avibase-5EC21767","Brown Booby","Sula leucogaster","","","","2","","","","","Brazil","BR","Pernambuco","BR-PE",NA,NA,NA,NA,NA,NA,"Fernando de Noronha--Praia do Meio","L8031030","H",-3.8397831,-32.4146466,"2018-10-14","13:44:00","obsr501068","S49187850","Traveling","P22","EBIRD_BRA",16,0.32,NA,1,1,"",0,1,0,"","","",2385,2,0,"eBird"
"149","URN:CornellLabOfOrnithology:EBIRD:OBS665104483","2018-10-24 19:54:57",6998,"species","avibase-5EC21767","Brown Booby","Sula leucogaster","","","","1","","","","","Brazil","BR","Pernambuco","BR-PE",NA,NA,NA,NA,NA,NA,"Fernando de Noronha--Ponta das Caracas","L7998807","H",-3.8751042,-32.4252767,"2018-10-09","09:26:00","obsr501068","S49072948","Stationary","P21","EBIRD_BRA",17,NA,NA,2,1,"",0,1,0,"","","",2392,8,0,"eBird"
"150","URN:CornellLabOfOrnithology:EBIRD:OBS664008488","2018-10-23 23:50:48",6998,"species","avibase-5EC21767","Brown Booby","Sula leucogaster","","","","11","","","","","Brazil","BR","Pernambuco","BR-PE",NA,NA,NA,NA,NA,NA,"Fernando de Noronha--Praia do Sueste","L7998967","H",-3.8664129,-32.4262625,"2018-10-06","16:01:00","obsr501068","S48998116","Stationary","P21","EBIRD_BRA",10,NA,NA,1,1,"",0,1,0,"","","",2393,7,0,"eBird"
"151","URN:CornellLabOfOrnithology:EBIRD:OBS663875325","2018-10-23 23:14:57",6998,"species","avibase-5EC21767","Brown Booby","Sula leucogaster","","","","6","","","","","Brazil","BR","Pernambuco","BR-PE",NA,NA,NA,NA,NA,NA,"Fernando de Noronha--Praia do LeÃ£o","L7997367","H",-3.8699019,-32.4336885,"2018-10-06","15:16:00","obsr501068","S48989231","Stationary","P21","EBIRD_BRA",6,NA,NA,1,0,"",0,1,0,"","","",2394,4,0,"eBird"
"152","URN:CornellLabOfOrnithology:EBIRD:OBS665200971","2021-03-25 04:52:06.254761",6998,"species","avibase-5EC21767","Brown Booby","Sula leucogaster","","","","3","F ","C1","F ","","Brazil","BR","Pernambuco","BR-PE",NA,NA,NA,NA,NA,NA,"Fernando de Noronha--Mirante do BoldrÃ³","L7993258","H",-3.8461678,-32.4290434,"2018-10-09","14:59:00","obsr501068","S49080400","Stationary","P21","EBIRD_BRA",14,NA,NA,1,1,"",0,1,0,"","","",2405,6,0,"eBird"
"153","URN:CornellLabOfOrnithology:EBIRD:OBS669182920","2018-10-23 23:15:24",7247,"species","avibase-6CCDAC53","Cattle Egret","Bubulcus ibis","","","","3","","","","","Brazil","BR","Pernambuco","BR-PE",NA,NA,NA,NA,NA,NA,"Fernando de Noronha--Praia da Atalaia","L8061900","H",-3.8558812,-32.4070483,"2018-10-22","08:44:00","obsr501068","S49367402","Incidental","P20","EBIRD_BRA",NA,NA,NA,1,0,"",0,1,0,"","","",2454,3,0,"eBird"
"154","URN:CornellLabOfOrnithology:EBIRD:OBS668538667","2021-03-25 04:52:06.254761",2357,"species","avibase-71958FA9","Eared Dove","Zenaida auriculata","","","","3","","","","","Brazil","BR","Pernambuco","BR-PE",NA,NA,NA,NA,NA,NA,"Fernando de Noronha--Mirante do BoldrÃ³","L7993258","H",-3.8461678,-32.4290434,"2018-10-20","11:53:00","obsr501068","S49320949","Stationary","P21","EBIRD_BRA",6,NA,NA,2,1,"G3549633",0,1,0,"","","",2480,3,0,"eBird"
"155","URN:CornellLabOfOrnithology:EBIRD:OBS671429897","2021-03-25 04:52:06.254761",2357,"species","avibase-71958FA9","Eared Dove","Zenaida auriculata","","","","3","","","","","Brazil","BR","Pernambuco","BR-PE",NA,NA,NA,NA,NA,NA,"Fernando de Noronha--Mirante do BoldrÃ³","L7993258","H",-3.8461678,-32.4290434,"2018-10-20","11:53:00","obsr757924","S49538970","Stationary","P21","EBIRD_BRA",6,NA,NA,2,1,"G3549633",0,1,0,"","","",2519,3,0,"eBird"
"156","URN:CornellLabOfOrnithology:EBIRD:OBS665104820","2018-10-24 00:09:14",6976,"species","avibase-8AA3B42E","Magnificent Frigatebird","Fregata magnificens","","","","1","","","","","Brazil","BR","Pernambuco","BR-PE",NA,NA,NA,NA,NA,NA,"SantuÃ¡rio dos rabos-de-junco","L8013519","P",-3.873757,-32.4234677,"2018-10-09","09:51:00","obsr501068","S49072973","Stationary","P21","EBIRD_BRA",11,NA,NA,2,1,"",0,1,0,"","","",2543,4,0,"eBird"
"157","URN:CornellLabOfOrnithology:EBIRD:OBS669788253","2018-10-24 00:25:55",16038,"species","avibase-0A39BE20","Noronha Elaenia","Elaenia ridleyana","","","","X","","","","","Brazil","BR","Pernambuco","BR-PE",NA,NA,NA,NA,NA,NA,"Fernando de Noronha--Mirante dos Golfinhos","L8017350","H",-3.8584299,-32.4466972,"2018-10-12","09:25:00","obsr501068","S49412062","Incidental","P20","EBIRD_BRA",NA,NA,NA,NA,0,"",1,1,0,"","","",2547,2,0,"eBird"
"158","URN:CornellLabOfOrnithology:EBIRD:OBS666000619","2018-10-23 23:15:50",6592,"species","avibase-1D07B501","White-tailed Tropicbird","Phaethon lepturus","","","","1","F ","C1","F ","","Brazil","BR","Pernambuco","BR-PE",NA,NA,NA,NA,NA,NA,"Fernando de Noronha--Mirante Dois IrmÃ£os","L8024257","H",-3.8521431,-32.4420785,"2018-10-12","08:56:00","obsr501068","S49142554","Incidental","P20","EBIRD_BRA",NA,NA,NA,1,0,"",0,1,0,"","","",2563,1,0,"eBird"
"159","URN:CornellLabOfOrnithology:EBIRD:OBS915532443","2021-02-11 18:00:02.198671",6976,"species","avibase-8AA3B42E","Magnificent Frigatebird","Fregata magnificens","","","","2","","","","Unknown Sex, Immature (1); Unknown Sex, Adult (1)","Brazil","BR","Pernambuco","BR-PE",NA,NA,NA,NA,NA,NA,"Fernando de Noronha","L11367823","P",-3.8488789,-32.435624,"2018-11-30","11:00:00","obsr1353252","S68630597","Historical","P62","EBIRD",60,3,NA,2,1,"",1,1,0,"","","Ave voando.",2658,2,0,"eBird"
"160","URN:CornellLabOfOrnithology:EBIRD:OBS1023335170","2022-03-10 20:10:22.86498",6416,"species","avibase-C67DCF31","Black Noddy","Anous minutus","","","","140","","","","","Brazil","BR","Pernambuco","BR-PE",NA,NA,NA,NA,NA,NA,"Fernando de Noronha--Praia da Cacimba do Padre","L8024407","H",-3.8506873,-32.4387929,"2018-12-13","09:00:00","obsr1348592","S77088274","Traveling","P22","EBIRD",120,1.5,NA,1,0,"",1,1,0,"","Em parte na praia do Sancho tambem.","",2727,5,0,"eBird"
"161","URN:CornellLabOfOrnithology:EBIRD:OBS710479345","2019-02-14 18:26:11",7247,"species","avibase-6CCDAC53","Cattle Egret","Bubulcus ibis","","","","15","","","","","Brazil","BR","Pernambuco","BR-PE",NA,NA,NA,NA,NA,NA,"Praia do Atalaia","L8610851","P",-3.8561545,-32.4088702,"2019-01-29","09:30:00","obsr1219269","S52703072","Stationary","P21","EBIRD",90,NA,NA,1,1,"",1,1,0,"","","",2943,2,0,"eBird"
"162","URN:CornellLabOfOrnithology:EBIRD:OBS716725347","2019-02-28 20:05:13",5891,"species","avibase-DC3050A9","Ruddy Turnstone","Arenaria interpres","","","","3","","","","","Brazil","BR","Pernambuco","BR-PE",NA,NA,NA,NA,NA,NA,"Fernando de Noronha--Praia da Atalaia","L8061900","H",-3.8558812,-32.4070483,"2019-02-26","16:00:00","obsr444534","S53234618","Incidental","P20","EBIRD",NA,NA,NA,2,0,"",0,1,0,"","","",3072,1,0,"eBird"
"163","URN:CornellLabOfOrnithology:EBIRD:OBS736709352","2019-04-10 16:27:56",7005,"species","avibase-0A4609D1","Red-footed Booby","Sula sula","","","","25","H ","C2","H ","","Brazil","BR","Pernambuco","BR-PE",NA,NA,NA,NA,NA,NA,"PN Fernando de Noronha--Trilha do Farol","L7881192","H",-3.8744716,-32.4617604,"2019-04-10","10:48:00","obsr1317283","S54807538","Stationary","P21","EBIRD",58,NA,NA,1,1,"",0,1,0,"","","VÃ¡rios em Ã¡rvores",3111,1,0,"eBird"
"164","URN:CornellLabOfOrnithology:EBIRD:OBS1459462102","2022-06-14 17:12:09.542227",6998,"species","avibase-5EC21767","Brown Booby","Sula leucogaster","","","","14","","","","","Brazil","BR","Pernambuco","BR-PE",NA,NA,NA,NA,NA,NA,"Fernando de Noronha--Praia da Cacimba do Padre","L8024407","H",-3.8506873,-32.4387929,"2019-06-07","06:43:00","obsr622841","S112949440","Stationary","P21","EBIRD",51,NA,NA,2,1,"G8555750",1,1,0,"","","",3152,4,0,"eBird"
"165","URN:CornellLabOfOrnithology:EBIRD:OBS1044208835","2022-06-14 17:12:09.542227",6998,"species","avibase-5EC21767","Brown Booby","Sula leucogaster","","","","14","","","","","Brazil","BR","Pernambuco","BR-PE",NA,NA,NA,NA,NA,NA,"Fernando de Noronha--Praia da Cacimba do Padre","L8024407","H",-3.8506873,-32.4387929,"2019-06-07","06:43:00","obsr894198","S78656961","Stationary","P21","EBIRD",51,NA,NA,2,1,"G8555750",1,1,0,"","","",3153,4,0,"eBird"
"166","URN:CornellLabOfOrnithology:EBIRD:OBS1042584995","2021-01-27 19:16:23.654196",7247,"species","avibase-6CCDAC53","Cattle Egret","Bubulcus ibis","","","","1","","","","","Brazil","BR","Pernambuco","BR-PE",NA,NA,NA,NA,NA,NA,"Fernando de Noronha--Praia do LeÃ£o","L7997367","H",-3.8699019,-32.4336885,"2019-06-09","10:25:00","obsr894198","S78526279","Traveling","P22","EBIRD",45,5,NA,2,1,"G6214961",1,1,0,"","","",3161,2,0,"eBird"
"167","URN:CornellLabOfOrnithology:EBIRD:OBS1060766578","2021-01-27 19:16:23.654196",7247,"species","avibase-6CCDAC53","Cattle Egret","Bubulcus ibis","","","","1","","","","","Brazil","BR","Pernambuco","BR-PE",NA,NA,NA,NA,NA,NA,"Fernando de Noronha--Praia do LeÃ£o","L7997367","H",-3.8699019,-32.4336885,"2019-06-09","10:25:00","obsr622841","S79998355","Traveling","P22","EBIRD",45,5,NA,2,1,"G6214961",1,1,0,"","Tengo un video testimonial de los 4 individuos.","",3163,2,0,"eBird"
"168","URN:CornellLabOfOrnithology:EBIRD:OBS815583788","2019-10-12 13:01:42",7005,"species","avibase-0A4609D1","Red-footed Booby","Sula sula","","","","1","","","","","Brazil","BR","Pernambuco","BR-PE",NA,NA,NA,NA,NA,NA,"Fernando de Noronha--Praia do Sancho","L8017347","H",-3.8550319,-32.443397,"2019-06-03","17:11:00","obsr1462343","S60552867","Incidental","P20","EBIRD",NA,NA,NA,5,0,"",1,1,0,"","","",3173,1,0,"eBird"
"169","URN:CornellLabOfOrnithology:EBIRD:OBS831683539","2019-11-25 10:38:58",6416,"species","avibase-C67DCF31","Black Noddy","Anous minutus","","","","13","","","","","Brazil","BR","Pernambuco","BR-PE",NA,NA,NA,NA,NA,NA,"Fernando de Noronha--Praia da Cacimba do Padre","L8024407","H",-3.8506873,-32.4387929,"2019-11-25","10:08:00","obsr640234","S61738173","Traveling","P22","EBIRD",60,1,NA,1,1,"",0,1,0,"","","",3487,8,0,"eBird"
"170","URN:CornellLabOfOrnithology:EBIRD:OBS958539684","2020-07-20 11:14:54",6998,"species","avibase-5EC21767","Brown Booby","Sula leucogaster","","","","X","","","","","Brazil","BR","Pernambuco","BR-PE",NA,NA,NA,NA,NA,NA,"Fernando de Noronha--Praia da Cacimba do Padre","L8024407","H",-3.8506873,-32.4387929,"2019-12-21","12:00:00","obsr1142862","S71666526","Traveling","P22","EBIRD",90,0.966,NA,2,1,"",0,1,0,"","","",3686,2,0,"eBird"
"171","URN:CornellLabOfOrnithology:EBIRD:OBS1089734314","2021-03-07 14:04:47.353397",5664,"species","avibase-27903EF7","Black-bellied Plover","Pluvialis squatarola","","","","1","","","","","Brazil","BR","Pernambuco","BR-PE",NA,NA,NA,NA,NA,NA,"Fernando de Noronha--Ponta das Caracas","L7998807","H",-3.8751042,-32.4252767,"2021-03-07","16:17:00","obsr351678","S82956202","Stationary","P21","EBIRD",60,NA,NA,1,1,"",0,1,0,"","","",4440,11,0,"eBird"
"172","URN:CornellLabOfOrnithology:EBIRD:OBS1269401092","2021-11-07 08:18:52.411322",6975,"species","avibase-00E090F8","Ascension Frigatebird","Fregata aquila","","","","1","","","","","Brazil","BR","Pernambuco","BR-PE",NA,NA,NA,NA,NA,NA,"Fernando de Noronha - Ilha do Meio (-3,82, -32,393)","L16772114","P",-3.8197153,-32.3927582,"2021-10-30","07:14:00","obsr601274","S96892661","Traveling","P22","EBIRD",381,5.7,NA,4,1,"G7366500",1,1,1,"","Ilha do Meio apÃ³s a erradicaÃ§Ã£o dos ratos. HistÃ³rico!","Fotos. Com grupo de magnificens sobre a Sela Gineta",4700,14,0,"eBird"
"173","URN:CornellLabOfOrnithology:EBIRD:OBS1273173805","2021-11-08 04:27:27.606196",6975,"species","avibase-00E090F8","Ascension Frigatebird","Fregata aquila","","","","1","","","","","Brazil","BR","Pernambuco","BR-PE",NA,NA,NA,NA,NA,NA,"Fernando de Noronha - Ilha do Meio (-3,82, -32,393)","L16772114","P",-3.8197153,-32.3927582,"2021-10-30","07:14:00","obsr502703","S97287492","Traveling","P22","EBIRD",381,5.7,NA,4,1,"G7366500",1,1,1,"","","Fotos. Com grupo de magnificens sobre a Sela Gineta",4701,14,0,"eBird"
"174","URN:CornellLabOfOrnithology:EBIRD:OBS1267992918","2021-11-05 18:42:13.404195",7305,"species","avibase-6BB94D7E","Black-crowned Night-Heron","Nycticorax nycticorax","","","","1","","","","","Brazil","BR","Pernambuco","BR-PE",NA,NA,NA,NA,NA,NA,"Fernando de Noronha - Ilha do Meio (-3,82, -32,393)","L16772114","P",-3.8197153,-32.3927582,"2021-10-30","07:14:00","obsr1699329","S96899110","Traveling","P22","EBIRD",381,5.7,NA,4,1,"G7366500",0,1,0,"","","Juv",4735,13,0,"eBird"
"175","URN:CornellLabOfOrnithology:EBIRD:OBS1281591366","2021-11-21 17:15:07.109583",5664,"species","avibase-27903EF7","Black-bellied Plover","Pluvialis squatarola","","","","2","","","","","Brazil","BR","Pernambuco","BR-PE",NA,NA,NA,NA,NA,NA,"Fernando de Noronha--Praia do LeÃ£o","L7997367","H",-3.8699019,-32.4336885,"2021-10-27","14:00:00","obsr280745","S97900030","Traveling","P22","EBIRD",20,0.5,NA,1,1,"",1,1,0,"","","",4739,3,0,"eBird"
"176","URN:CornellLabOfOrnithology:EBIRD:OBS1269289974","2021-11-01 16:03:38.435991",6416,"species","avibase-C67DCF31","Black Noddy","Anous minutus","","","","X","","","","","Brazil","BR","Pernambuco","BR-PE",NA,NA,NA,NA,NA,NA,"Fernando de Noronha--Ponta das Caracas","L7998807","H",-3.8751042,-32.4252767,"2021-10-31","10:05:00","obsr601274","S96996326","Stationary","P21","EBIRD",38,NA,NA,1,1,"",0,1,0,"","Pod de uns 8 Globicephala sp com Stenella passando ao largo","",4758,7,0,"eBird"
"177","URN:CornellLabOfOrnithology:EBIRD:OBS1280762031","2022-03-06 16:53:10.400537",6410,"species","avibase-A070171E","Brown Noddy","Anous stolidus","","","","5","","","","","Brazil","BR","Pernambuco","BR-PE",NA,NA,NA,NA,NA,NA,"Fernando de Noronha--Ponta das Caracas","L7998807","H",-3.8751042,-32.4252767,"2021-10-25","10:15:00","obsr280745","S97834050","Stationary","P21","EBIRD",75,NA,NA,1,1,"",1,1,0,"","","",4768,7,0,"eBird"
"178","URN:CornellLabOfOrnithology:EBIRD:OBS1273174522","2021-11-08 04:29:00.162139",6416,"species","avibase-C67DCF31","Black Noddy","Anous minutus","","","","X","","","","","Brazil","BR","Pernambuco","BR-PE",NA,NA,NA,NA,NA,NA,"Fernando de Noronha - Ilha Rata (-3,812, -32,389)","L16801964","P",-3.8119095,-32.3887446,"2021-11-02","07:16:00","obsr502703","S97287509","Traveling","P22","EBIRD",437,6.07,NA,1,1,"G7398271",1,1,0,"","","",4890,11,0,"eBird"
"179","URN:CornellLabOfOrnithology:EBIRD:OBS1270227804","2021-11-08 04:28:26.313621",6416,"species","avibase-C67DCF31","Black Noddy","Anous minutus","","","","X","","","","","Brazil","BR","Pernambuco","BR-PE",NA,NA,NA,NA,NA,NA,"Fernando de Noronha - Ilha Rata (-3,812, -32,389)","L16801964","P",-3.8119095,-32.3887446,"2021-11-02","07:16:00","obsr601274","S97060178","Traveling","P22","EBIRD",437,6.07,NA,1,1,"G7398271",1,1,0,"","Ilha Rata. Inclui trecho parcialmente em zodiac. Muitos Johngarthia nas raÃ­zes das Ficus noronhae nas ruÃ­nas.  Tb Trachylepis maiores que na ilha principal","",4891,11,0,"eBird"
"180","URN:CornellLabOfOrnithology:EBIRD:OBS1321079348","2022-01-17 18:51:10.040962",6416,"species","avibase-C67DCF31","Black Noddy","Anous minutus","","","","1","","","","","Brazil","BR","Pernambuco","BR-PE",NA,NA,NA,NA,NA,NA,"Fernando de Noronha--Trilha Capim-aÃ§u","L8647382","H",-3.870618,-32.456573,"2022-01-14","10:00:00","obsr2549105","S100955433","Traveling","P22","EBIRD",360,10,NA,1,1,"",0,1,0,"","","",5382,4,0,"eBird"
"181","URN:CornellLabOfOrnithology:EBIRD:OBS1317756576","2022-01-13 17:56:16.87213",5891,"species","avibase-DC3050A9","Ruddy Turnstone","Arenaria interpres","","","","1","","","","","Brazil","BR","Pernambuco","BR-PE",NA,NA,NA,NA,NA,NA,"Fernando de Noronha--Praia do Meio","L8031030","H",-3.8397831,-32.4146466,"2022-01-13","20:03:00","obsr2549105","S100678751","Incidental","P20","EBIRD",NA,NA,NA,1,0,"",0,1,0,"","","",5501,2,0,"eBird"
"182","URN:CornellLabOfOrnithology:EBIRD:OBS1344936385","2022-03-01 18:56:28.830498",6416,"species","avibase-C67DCF31","Black Noddy","Anous minutus","","","","4","","","","","Brazil","BR","Pernambuco","BR-PE",NA,NA,NA,NA,NA,NA,"Fernando de Noronha--Ponta das Caracas","L7998807","H",-3.8751042,-32.4252767,"2022-02-18","16:09:00","obsr1083533","S102905119","Traveling","P22","EBIRD_BRA",120,1,NA,3,1,"",0,1,0,"","","",5541,10,0,"eBird"
"183","URN:CornellLabOfOrnithology:EBIRD:OBS1344637735","2022-03-01 18:53:14.068436",6416,"species","avibase-C67DCF31","Black Noddy","Anous minutus","","","","100","","","","","Brazil","BR","Pernambuco","BR-PE",NA,NA,NA,NA,NA,NA,"Fernando de Noronha--Trilha para o Mirante dos Golfinhos, Praia do Sancho e Mirante Dois IrmÃ£os","L8017336","H",-3.8541464,-32.4423055,"2022-02-18","09:57:00","obsr1083533","S102853325","Traveling","P22","EBIRD_BRA",50,1,NA,3,1,"",1,1,0,"","","",5543,5,0,"eBird"
"184","URN:CornellLabOfOrnithology:EBIRD:OBS1344103934","2022-02-17 18:13:40.118057",6416,"species","avibase-C67DCF31","Black Noddy","Anous minutus","","","","X","","","","","Brazil","BR","Pernambuco","BR-PE",NA,NA,NA,NA,NA,NA,"Fernando de Noronha--Praia do Sancho","L8017347","H",-3.8550319,-32.443397,"2022-02-17","07:30:00","obsr2948411","S102803173","Traveling","P22","EBIRD",90,0.9,NA,7,1,"",0,1,0,"","","Varios, ninhais",5544,7,0,"eBird"
"185","URN:CornellLabOfOrnithology:EBIRD:OBS1363546912","2022-03-29 10:30:17.515692",5664,"species","avibase-27903EF7","Black-bellied Plover","Pluvialis squatarola","","","","2","","","","","Brazil","BR","Pernambuco","BR-PE",NA,NA,NA,NA,NA,NA,"Fernando de Noronha--Ponta das Caracas","L7998807","H",-3.8751042,-32.4252767,"2022-03-11","14:44:00","obsr213018","S104649741","Stationary","P21","EBIRD",55,NA,NA,5,1,"",0,1,0,"","","",5701,8,0,"eBird"
"186","URN:CornellLabOfOrnithology:EBIRD:OBS1363557183","2022-03-12 06:32:02.040553",6416,"species","avibase-C67DCF31","Black Noddy","Anous minutus","","","","50","","","","","Brazil","BR","Pernambuco","BR-PE",NA,NA,NA,NA,NA,NA,"Fernando de Noronha--Ponta das Caracas","L7998807","H",-3.8751042,-32.4252767,"2022-03-11","15:39:00","obsr213018","S104649787","Traveling","P22","EBIRD",60,0.805,NA,7,1,"",0,1,0,"","","",5770,8,0,"eBird"
"187","URN:CornellLabOfOrnithology:EBIRD:OBS1363554180","2022-03-12 06:25:57.494721",6416,"species","avibase-C67DCF31","Black Noddy","Anous minutus","","","","75","","","","","Brazil","BR","Pernambuco","BR-PE",NA,NA,NA,NA,NA,NA,"Fernando de Noronha--Mirante dos Golfinhos","L8017350","H",-3.8584299,-32.4466972,"2022-03-12","06:18:00","obsr213018","S104649669","Traveling","P22","EBIRD",151,1.046,NA,5,1,"",0,1,0,"","","",5773,8,0,"eBird"
"188","URN:CornellLabOfOrnithology:EBIRD:OBS1424006780","2022-06-23 10:25:45.162364",7305,"species","avibase-6BB94D7E","Black-crowned Night-Heron","Nycticorax nycticorax","","","","1","","","","","Brazil","BR","Pernambuco","BR-PE",NA,NA,NA,NA,NA,NA,"Pernambuco, BR (-3,82, -32,392)","L18980039","P",-3.8201945,-32.3924842,"2022-05-08","08:08:00","obsr162357","S109700896","Traveling","P22","EBIRD",266,2.98,NA,1,1,"",0,1,0,"","","",6008,11,0,"eBird"
"189","URN:CornellLabOfOrnithology:EBIRD:OBS1434281887","2022-06-23 10:23:48.707367",5664,"species","avibase-27903EF7","Black-bellied Plover","Pluvialis squatarola","","","","2","","","","","Brazil","BR","Pernambuco","BR-PE",NA,NA,NA,NA,NA,NA,"Fernando de Noronha--Praia do Sueste","L7998967","H",-3.8664129,-32.4262625,"2022-05-15","08:47:00","obsr162357","S110552956","Traveling","P22","EBIRD",140,2.35,NA,1,1,"",0,1,0,"","","",6011,12,0,"eBird"
"190","URN:CornellLabOfOrnithology:EBIRD:OBS1423993658","2022-05-11 16:32:28.978518",5664,"species","avibase-27903EF7","Black-bellied Plover","Pluvialis squatarola","","","","1","","","","","Brazil","BR","Pernambuco","BR-PE",NA,NA,NA,NA,NA,NA,"Fernando de Noronha--Praia do Sueste","L7998967","H",-3.8664129,-32.4262625,"2022-05-11","17:26:00","obsr162357","S109700643","Stationary","P21","EBIRD",49,NA,NA,1,1,"",0,1,0,"","","",6014,8,0,"eBird"
"191","URN:CornellLabOfOrnithology:EBIRD:OBS1428777225","2022-05-14 17:00:05.776648",5664,"species","avibase-27903EF7","Black-bellied Plover","Pluvialis squatarola","","","","3","","","","","Brazil","BR","Pernambuco","BR-PE",NA,NA,NA,NA,NA,NA,"Fernando de Noronha--Praia do LeÃ£o","L7997367","H",-3.8699019,-32.4336885,"2022-05-14","08:58:00","obsr162357","S110102074","Traveling","P22","EBIRD",32,1.74,NA,1,1,"",0,1,0,"","","",6017,11,0,"eBird"
"192","URN:CornellLabOfOrnithology:EBIRD:OBS1422163122","2022-05-11 17:30:14.353643",6416,"species","avibase-C67DCF31","Black Noddy","Anous minutus","","","","10","NY","C4","NY","","Brazil","BR","Pernambuco","BR-PE",NA,NA,NA,NA,NA,NA,"Fernando de Noronha--Praia do Sancho","L8017347","H",-3.8550319,-32.443397,"2022-05-10","07:46:00","obsr162357","S109546752","Traveling","P22","EBIRD",126,3.07,NA,1,1,"",0,1,0,"","","",6024,7,0,"eBird"
"193","URN:CornellLabOfOrnithology:EBIRD:OBS1420177693","2022-06-23 10:27:00.43984",6416,"species","avibase-C67DCF31","Black Noddy","Anous minutus","","","","7","","","","","Brazil","BR","Pernambuco","BR-PE",NA,NA,NA,NA,NA,NA,"Fernando de Noronha--Trilha Capim-aÃ§u","L8647382","H",-3.870618,-32.456573,"2022-05-06","06:32:00","obsr162357","S109380176","Traveling","P22","EBIRD",123,3.44,NA,1,1,"",0,1,0,"","","",6026,5,0,"eBird"
"194","URN:CornellLabOfOrnithology:EBIRD:OBS1420166525","2022-05-08 17:48:45.203599",6416,"species","avibase-C67DCF31","Black Noddy","Anous minutus","","","","300","","","","","Brazil","BR","Pernambuco","BR-PE",NA,NA,NA,NA,NA,NA,"Fernando de Noronha--Trilha Capim-aÃ§u","L8647382","H",-3.870618,-32.456573,"2022-05-05","08:57:00","obsr162357","S109380117","Traveling","P22","EBIRD",318,11.8,NA,1,1,"",0,1,0,"","","",6027,6,0,"eBird"
"195","URN:CornellLabOfOrnithology:EBIRD:OBS1428770095","2022-06-23 10:16:00.36639",6416,"species","avibase-C67DCF31","Black Noddy","Anous minutus","","","","6","","","","","Brazil","BR","Pernambuco","BR-PE",NA,NA,NA,NA,NA,NA,"Pernambuco, BR (-3,815, -32,389)","L18925490","P",-3.8152383,-32.3885805,"2022-05-14","12:06:00","obsr162357","S110101756","Stationary","P21","EBIRD",30,NA,NA,1,1,"",0,1,0,"","","",6028,7,0,"eBird"
"196","URN:CornellLabOfOrnithology:EBIRD:OBS1420172811","2022-06-23 10:36:22.806152",6998,"species","avibase-5EC21767","Brown Booby","Sula leucogaster","","","","9","","","","","Brazil","BR","Pernambuco","BR-PE",NA,NA,NA,NA,NA,NA,"Pernambuco, BR (-3,815, -32,389)","L18925490","P",-3.8152383,-32.3885805,"2022-05-04","08:45:00","obsr162357","S109379946","Stationary","P21","EBIRD",86,NA,NA,1,1,"",0,1,0,"","","",6039,8,0,"eBird"
"197","URN:CornellLabOfOrnithology:EBIRD:OBS1422162103","2022-05-10 10:00:08.593173",7247,"species","avibase-6CCDAC53","Cattle Egret","Bubulcus ibis","","","","6","","","","","Brazil","BR","Pernambuco","BR-PE",NA,NA,NA,NA,NA,NA,"Fernando de Noronha--Praia do Sueste","L7998967","H",-3.8664129,-32.4262625,"2022-05-09","06:22:00","obsr162357","S109546720","Stationary","P21","EBIRD",10,NA,NA,1,1,"",0,1,0,"","","",6049,5,0,"eBird"
"198","URN:CornellLabOfOrnithology:EBIRD:OBS1426537256","2022-05-13 16:29:59.26287",7247,"species","avibase-6CCDAC53","Cattle Egret","Bubulcus ibis","","","","3","","","","","Brazil","BR","Pernambuco","BR-PE",NA,NA,NA,NA,NA,NA,"Trilha dos Abreus, Pernambuco, BR (-3,862, -32,417)","L19015454","P",-3.8621315,-32.4173887,"2022-05-13","15:14:00","obsr162357","S109906819","Traveling","P22","EBIRD",36,1.75,NA,1,1,"",0,1,0,"","","",6052,5,0,"eBird"
"199","URN:CornellLabOfOrnithology:EBIRD:OBS1465424560","2022-06-23 11:04:50.18776",6976,"species","avibase-8AA3B42E","Magnificent Frigatebird","Fregata magnificens","","","","5","","","","","Brazil","BR","Pernambuco","BR-PE",NA,NA,NA,NA,NA,NA,"Baia Sueste","L19788934","P",-3.8655114,-32.4173499,"2022-05-06","15:30:00","obsr162357","S113604212","Stationary","P21","EBIRD",30,NA,NA,3,1,"",0,1,0,"","","",6076,3,0,"eBird"
